city,state,country,population,Lat,Lon,hoods_city_id,hoods_city_name
New York,NY,,8363710,40.7143528,-74.0059731,1,New York
Sydney,,AU,3908642,-33.86843911,151.2092972,2862,Sydney
Los Angeles,CA,,3833995,34.0522342,-118.2436849,2,Los Angeles
Chicago,IL,,2853114,41.8781136,-87.6297982,3,Chicago
Brooklyn,NY,,2567098,40.65,-73.95,1,New York
Toronto,,CA,2503281,43.653524,-79.3839069,2659,Toronto
Queens,NY,,2306712,40.7282239,-73.7948516,1,New York
Houston,TX,,2242193,29.7628844,-95.3830615,4,Houston
Brisbane,,AU,1874724,-27.4722016,153.0275345,2928,Brisbane
Perth,,AU,1659000,-31.9522222,115.8588889,2960,Perth
Montreal,,CA,1649519,45.50869998,-73.55467915,2752,Montréal
Manhattan,NY,,1629054,40.71432027,-74.00616085,1,New York
Philadelphia,PA,,1540351,39.952335,-75.163789,5,Philadelphia
Phoenix,AZ,,1445632,33.44339787,-112.0674133,6,Phoenix
Bronx,NY,,1397287,40.8501002,-73.8662464,1,New York
Auckland,,NZ,1333300,-36.8484597,174.7633315,,
San Antonio,TX,,1328984,29.42409387,-98.49362284,7,San Antonio
Adelaide,,AU,1289865,-34.9286212,138.5999594,2949,Adelaide
Dallas,TX,,1279910,32.802955,-96.769923,9,Dallas
San Diego,CA,,1279329,32.7153292,-117.1572551,8,San Diego
Calgary,,CA,988193,51.045,-114.0572222,2569,Calgary
San Jose,CA,,945942,37.33965866,-121.8941616,10,San Jose
Ottawa,,CA,917550,45.42158608,-75.69707508,2613,Ottawa
Indianapolis,IN,,819398,39.77073192,-86.15689971,12,Indianapolis
San Francisco,CA,,808976,37.7749295,-122.4194155,13,San Francisco
Austin,TX,,757688,30.267153,-97.7430608,14,Austin
Columbus,OH,,754885,39.9611755,-82.9987942,15,Columbus
Louisville,KY,,741096,38.2527321,-85.75914235,27,Louisville-Jefferson
Edmonton,,CA,730372,53.543564,-113.490452,2595,Edmonton
Fort Worth,TX,,727577,32.725409,-97.32132167,16,Fort Worth
Mississauga,,CA,713443,43.58567976,-79.64195251,2647,Mississauga
Baltimore,MD,,636919,39.2903848,-76.6121893,21,Baltimore
Winnipeg,,CA,633451,49.886083,-97.152921,2555,Winnipeg
Boston,MA,,620535,42.3584308,-71.0597732,22,Boston
Milwaukee,WI,,604477,43.0389025,-87.9064736,28,Milwaukee
Washington,DC,,599657,38.8951118,-77.0363658,24,Washington D.C.
Denver,CO,,598707,39.7391536,-104.9847034,26,Denver
Seattle,WA,,598541,47.6062095,-122.3320708,23,Seattle
Vancouver,,CA,578000,49.261226,-123.1139268,2538,Vancouver
Las Vegas,NV,,558383,36.22741485,-115.2626701,30,Las Vegas
Paradise,NV,,223167,36.08070049,-115.1368388,91,Paradise
Portland,OR,,557706,45.5234515,-122.6762071,29,Portland
Albuquerque,NM,,545852,35.0845348,-106.6512923,32,Albuquerque
Brampton,,CA,523911,43.68376352,-79.75868225,2648,Brampton
Quebec City,,CA,516622,46.80313572,-71.24331098,2714,Québec
Hamilton,,CA,504559,43.243603,-79.889075,2630,Hamilton
Staten Island,NY,,491730,40.5834379,-74.1495875,1,New York
Kansas City,MO,,480129,39.0997265,-94.5785667,37,Kansas City
Surrey,,CA,468251,49.10309505,-122.8271484,2506,Surrey
Sacramento,CA,,463794,38.5815719,-121.4943996,35,Sacramento
Miami,FL,,446986,25.7889689,-80.2264393,44,Miami
Mesa,AZ,,439041,33.41379955,-111.8315506,38,Mesa
Cleveland,OH,,433748,41.4994954,-81.6954088,45,Cleveland
Atlanta,GA,,419590,33.74837927,-84.38730269,40,Atlanta
Colorado Springs,CO,,416427,38.83435911,-104.8253632,41,Colorado Springs
Raleigh,NC,,405791,35.772096,-78.6386145,43,Raleigh
Oakland,CA,,390724,37.8034362,-122.2723797,47,Oakland
Wellington,,NZ,389700,-41.2924945,174.7732353,,
Minneapolis,MN,,382605,44.9799654,-93.2638361,48,Minneapolis
Honolulu,HI,,374676,21.3069444,-157.8583333,53,Honolulu
Halifax,,CA,372679,44.648881,-63.575312,2754,Halifax
Santa Ana,CA,,355662,33.7455731,-117.8678338,57,Santa Ana
Canberra,,AU,355596,-35.28998281,149.1270447,2978,Canberra
St Louis,MO,,354361,38.646991,-90.224967,58,St. Louis
Bakersfield,CA,,348382,35.3732746,-119.0187125,51,Bakersfield
Tampa,FL,,335709,27.9502,-82.45664116,55,Tampa
Cincinnati,OH,,333012,39.10319313,-84.51222345,62,Cincinnati
Aurora,CO,,326266,39.72918541,-104.831811,56,Aurora
Pittsburgh,PA,,310037,40.4406248,-79.9958864,59,Pittsburgh
Corpus Christi,TX,,305215,27.79535069,-97.39860535,60,Corpus Christi
Central Coast,,AU,297713,-33.35864265,151.4294802,2864,
St Paul,MN,,287151,44.9541667,-93.1138889,67,St. Paul
Buffalo,NY,,270919,42.8864468,-78.8783689,70,Buffalo
Durham,NC,,262715,35.9940329,-78.898619,86,Durham
St Petersburg,FL,,248232,27.77290371,-82.64034332,76,St. Petersburg
Chula Vista,CA,,243916,32.6400541,-117.0841955,77,Chula Vista
Orlando,FL,,238300,28.53640521,-81.37744904,79,Orlando
Madison,WI,,233209,43.0730517,-89.4012302,82,Madison
Longueuil,,CA,231409,45.53491937,-73.51039051,2683,Longueuil
Glendale,AZ,,226721,33.53636773,-112.1817398,88,Glendale
North Las Vegas,NV,,224387,36.1988592,-115.1175013,94,North Las Vegas
Burnaby,,CA,223218,49.22746331,-123.002243,2507,Burnaby
Hialeah,FL,,218896,25.8575963,-80.2781057,90,Hialeah
Scottsdale,AZ,,217385,33.49056814,-111.9228745,93,Scottsdale
Irvine,CA,,212793,33.6839473,-117.7946942,97,Irvine
Birmingham,AL,,212786,33.52051769,-86.80296207,98,Birmingham
Rochester,NY,,211394,43.16103391,-77.61080388,99,Rochester
Modesto,CA,,211156,37.6390972,-120.9968782,108,Modesto
Arlington ,VA,,209300,38.8799697,-77.1067698,103,Arlington
Spokane,WA,,208916,47.6587802,-117.4260466,101,Spokane
Gilbert,AZ,,208453,33.35015622,-111.7882919,102,Gilbert
Kitchener,,CA,204668,43.434311,-80.477747,2610,Kitchener
Stirling,,AU,202000,-31.88121865,115.8096919,2960,Perth
Little Rock,AR,,192913,34.74630459,-92.28877941,119,Little Rock
Glendale,CA,,191719,34.14254332,-118.2542596,121,Glendale
Richmond,,CA,190473,49.16464475,-123.1388855,2517,Richmond
Richmond Hill,,CA,185541,43.87742143,-79.43458557,2809,Richmond Hill
Salt Lake City,UT,,181743,40.76083619,-111.8908489,127,Salt Lake City
Reno,NV,,180480,39.5295998,-119.8132877,89,Reno
Providence,RI,,177627,41.82395712,-71.41284503,134,Providence
Huntsville,AL,,176645,34.7303688,-86.5861037,131,Huntsville
Oceanside,CA,,169684,33.1958696,-117.3794834,143,Oceanside
Fort Lauderdale,FL,,165694,26.12234612,-80.14036064,144,Fort Lauderdale
Tempe,AZ,,161719,33.42354261,-111.9386673,149,Tempe
Santa Rosa,CA,,161496,38.4404674,-122.7144314,141,Santa Rosa
Salem ,OR,,155469,44.9428975,-123.0350963,154,Salem
Eugene,OR,,154620,44.0520691,-123.0867536,152,Eugene
Peoria,AZ,,154065,33.57826263,-112.2342682,156,Peoria
Springfield,MA,,153060,42.10161891,-72.58996582,158,Springfield
Hampton,VA,,145494,37.0298687,-76.3452218,183,Hampton
Sunnyvale,CA,,140081,37.36872768,-122.0367144,179,Sunnyvale
Cary,NC,,136637,35.79154,-78.7811169,187,Cary
Orange,CA,,136392,33.7877944,-117.8531119,185,Orange
Fullerton,CA,,135161,33.86898548,-117.9246712,188,Fullerton
Cairns,,AU,133893,-16.9251653,145.7686615,2930,Cairns
West Valley City,UT,,129480,40.69164574,-112.0016938,195,West Valley City
Olathe,KS,,127907,38.8760668,-94.81956482,202,Olathe
Topeka,KS,,126807,39.05558402,-95.68684877,198,Topeka
Bellevue,WA,,126626,47.610377,-122.2006786,210,Bellevue
Coquitlam,,CA,126456,49.28063212,-122.8017426,2523,Coquitlam
Concord,CA,,122067,37.97671613,-122.0353088,211,Concord
Miramar,FL,,122041,25.9722434,-80.286026,212,Miramar
Cambridge,,CA,120371,43.387086,-80.321045,2634,Cambridge
Kelowna,,CA,117312,49.88543298,-119.4884033,2545,Kelowna
Santa Clara,CA,,116468,37.35434669,-121.9559866,226,Santa Clara
Roseville,CA,,115781,38.7521235,-121.2880059,217,Roseville
Guelph,,CA,114943,43.539102,-80.247622,2611,Guelph
Ann Arbor,MI,,113934,42.28084941,-83.74334894,233,Ann Arbor
Berkeley,CA,,112580,37.87189749,-122.273498,236,Berkeley
Provo,UT,,112488,40.23392571,-111.6587644,237,Provo
Saanich,,CA,109752,48.45516427,-123.3730316,2527,Saanich
Miami Gardens,FL,,108862,25.9420377,-80.2456045,250,Miami Gardens
Redding,CA,,108741,40.5865396,-122.3916754,339,Redding
Thunder Bay,,CA,108359,48.38179396,-89.24743652,2625,Thunder Bay
Victorville,CA,,107721,34.5361067,-117.2911565,229,Victorville
Missoula,MT,,107320,46.872146,-113.9939982,518,Missoula
Carlsbad,CA,,106804,33.1580933,-117.3505939,262,Carlsbad
Clearwater,FL,,106592,27.96579313,-82.80005173,249,Clearwater
Cambridge,MA,,105594,42.3726399,-71.1096528,264,Cambridge
Lowell,MA,,105167,42.6334247,-71.3161718,253,Lowell
Langley Township,,CA,104177,49.09389928,-122.5720237,2529,Langley Township
Green Bay,WI,,104057,44.519159,-88.019826,268,Green Bay
Wilmington,NC,,101350,34.2257255,-77.9447102,254,Wilmington
Pompano Beach,FL,,99830,26.23463752,-80.12571032,286,Pompano Beach
Waterloo,,CA,97475,43.480926,-80.537664,2603,Waterloo
Boulder,CO,,96698,40.014887,-105.2712752,301,Boulder
Toowoomba,,AU,96567,-27.56598086,151.9529343,2935,Toowoomba
Albany,NY,,93539,42.6525793,-73.7562317,297,Albany
Newton,MA,,93447,42.3370413,-71.2092214,367,Newton
Quincy,MA,,92232,42.25275014,-71.00205592,325,Quincy
Kent,WA,,92135,47.3809587,-122.2354909,324,Kent
Yakima,WA,,91067,46.59257921,-120.5478076,333,Yakima
Renton,WA,,90743,47.48250297,-122.21415,334,Renton
Federal Way,WA,,89049,47.32280035,-122.312058,344,Federal Way
Miami Beach,FL,,87925,25.790654,-80.1300455,352,Miami Beach
Kamloops,,CA,85678,50.6734001,-120.331192,2530,Kamloops
Norwalk,CT,,85603,41.1175966,-73.4078968,363,Norwalk
Duluth,MN,,84419,46.7866719,-92.1004852,360,Duluth
Ashville,NC,,83393,35.59509276,-82.55418777,382,Asheville
Warwick,RI,,83005,41.70154952,-71.42142051,389,Warwick
Ogden,UT,,82825,41.22014933,-111.9745385,387,Ogden
Bellingham,WA,,80885,48.75890478,-122.4858856,399,Bellingham
Cranston ,RI,,80558,41.77828125,-71.43536652,404,Cranston
Bloomington,IN,,79905,39.16260186,-86.53324617,403,Bloomington
Victoria,,CA,78000,48.42883891,-123.3663495,2509,Victoria
Somerville,MA,,77405,42.3875968,-71.0994968,442,Somerville
Medford,OR,,77240,42.3265152,-122.8755949,453,Medford
New Rochelle,NY,,77062,40.90981101,-73.78266907,424,New Rochelle
Kendall,FL,,75371,25.66566587,-80.35949707,446,Kendall
St George,UT,,74770,37.10338413,-113.5746002,466,St. George
Cockburn,,AU,74472,-32.12603312,115.8550024,2960,Perth
Mackay,,AU,74219,-21.14827628,149.1854095,2933,Mackay
Maple Ridge,,CA,73969,49.21918245,-122.5988486,2503,Maple Ridge
Alameda,CA,,73812,37.76500295,-122.2404982,460,Alameda
Apple Valley,CA,,72922,34.5008311,-117.1858759,492,Apple Valley
Wilmington,DE,,72664,39.7458333,-75.5466667,480,Wilmington
Pawtucket,RI,,70781,41.8786616,-71.38631975,476,Pawtucket
Silver Spring,MD,,70779,38.99470613,-77.02556535,475,Silver Spring
Mountain View,CA,,70708,37.38652908,-122.0839906,458,Mountain View
Turlock,CA,,70158,37.4946568,-120.8465941,495,Turlock
Auburn,WA,,70028,47.30616863,-122.226056,485,Auburn
Lafayette,IN,,67140,40.4167022,-86.8752869,511,Lafayette
New Westminster,,CA,65976,49.20986073,-122.9175668,2516,New Westminster
Davis,CA,,65622,38.5449065,-121.7405167,535,Davis
Bunbury,,AU,64385,-33.33142705,115.6441498,2961,Bunbury
North Little Rock,AR,,62304,34.76942143,-92.2669439,570,North Little Rock
Rockhampton,,AU,61724,-23.38120122,150.5096054,2934,Rockhampton
Santa Cruz,CA,,59946,36.97367139,-122.0312255,606,Santa Cruz
Fountainebleau,FL,,59764,25.76835877,-80.3478241,609,Fountainebleau
Palo Alto,CA,,58598,37.44191747,-122.1420968,547,Palo Alto
North Miami,FL,,56185,25.8900949,-80.1867138,622,North Miami
Kendale Lakes,FL,,56148,25.7058875,-80.40893555,668,Kendale Lakes
Medford,MA,,55595,42.4184296,-71.1061639,666,Medford
Revere,MA,,55341,42.4084302,-71.0119948,740,Revere
Bethesda,MD,,55277,38.98428505,-77.09554605,589,Bethesda
Tamiami,FL,,55271,25.7553724,-80.39794922,683,Tamiami
Woodland,CA,,55270,38.6785157,-121.7732971,678,Woodland
Brookline,MA,,54809,42.3317642,-71.1211635,623,Brookline
South Jordan,UT,,54730,40.56256163,-111.9302588,763,South Jordan
Chapel Hill,NC,,54492,35.9131996,-79.0558445,647,Chapel Hill
North Port,FL,,54223,27.044224,-82.2359254,644,North Port
Corvallis,OR,,53476,44.56462705,-123.2614427,693,Corvallis
Shoreline,WA,,53025,47.7556531,-122.3415178,717,Shoreline
Wheaton,IL,,52894,41.86518035,-88.10650635,720,Wheaton
Sarasota,FL,,52578,27.3364347,-82.5306527,734,Sarasota
Oak Park ,IL,,52104,41.88487308,-87.78735351,738,Oak Park
The Hammocks,FL,,51003,25.66876032,-80.4473877,757,The Hammocks
Bundaberg,,AU,49750,-24.86761352,152.3491287,2936,Bundaberg
Bradenton,FL,,49456,27.4945677,-82.57427216,778,Bradenton
Hoboken,NJ,,49232,40.74335535,-74.03180122,770,Hoboken
North Vancouver,,CA,48196,49.31482768,-123.0764008,2533,North Vancouver
Kingsport,TN,,48190,36.5482961,-82.56173277,812,Kingsport
Country Club,FL,,47105,25.94507912,-80.31486511,841,Country Club
East Providence,RI,,47082,41.81467357,-71.37012291,842,East Providence
West Sacramento,CA,,46492,38.5804609,-121.530234,799,West Sacramento
Redmond,WA,,46391,47.6739881,-122.121512,700,Redmond
Doral,FL,,46000,25.8195424,-80.3553302,864,Doral
San Luis Obispo,CA,,45425,35.27925853,-120.6612968,873,San Luis Obispo
Kirkland,WA,,45054,47.6814875,-122.2087353,797,Kirkland
Glenview ,IL,,44692,42.06841032,-87.79466629,883,Glenview
Palm Springs,CA,,44552,33.83058129,-116.546086,884,Palm Springs
Elmhurst ,IL,,43996,41.89892468,-87.94114067,890,Elmhurst
Charlottesville,VA,,43475,38.0293059,-78.4766781,905,Charlottesville
Coral Gables,FL,,42871,25.72149,-80.2683838,845,Coral Gables
West Vancouver,,CA,42694,49.32959711,-123.1615448,2502,West Vancouver
Olympia,WA,,42514,47.03810808,-122.9015963,848,Olympia
Covington,KY,,41880,39.0836712,-84.5085536,977,Covington
Hollywood,FL,,41237,26.0106219,-80.14725215,178,Hollywood
Woonsocket,RI,,40859,42.00230566,-71.51065797,960,Woonsocket
Urbana,IL,,39484,40.1105875,-88.2072697,957,Urbana
Chelsea,MA,,38203,42.3917638,-71.0328284,1147,Chelsea
North Miami Beach,FL,,38201,25.9331488,-80.1625463,949,North Miami Beach
Everett,MA,,37269,42.40843,-71.0536625,942,Everett
Mission,,CA,36426,49.19875615,-122.4227142,2526,Mission
Kendall West,FL,,36154,25.70649783,-80.43880283,1101,Kendall West
Dover,DE,,35811,39.158168,-75.5243682,1105,Dover
South Miami Heights,FL,,35696,25.59385201,-80.38009644,1124,South Miami Heights
Bremerton,WA,,35191,47.57,-122.6525,1049,Bremerton
Hollister,CA,,35060,36.85236865,-121.4015377,1153,Hollister
West Little River,FL,,34699,25.85675197,-80.23590088,1161,West Little River
Ceres,CA,,34609,37.5949316,-120.9577098,868,Ceres
West Hollywood,CA,,34399,34.09052797,-118.3616352,1174,West Hollywood
Roseville,MN,,33690,45.00605242,-93.15727627,1202,Roseville
Bothell,WA,,33610,47.76214731,-122.2052318,1209,Bothell
Butte-Silver Bow,MT,,33525,46.00363936,-112.5357056,1205,Butte-Silver Bow
Highland Park,IL,,33492,42.18188261,-87.79965705,1377,Highland Park
Burien,WA,,33313,47.46971941,-122.345295,1218,Burien
Golden Glades,FL,,33148,25.90926209,-80.19813538,1226,Golden Glades
Gladstone,,AU,32073,-23.84903598,151.2616539,2937,Gladstone
Richmond West,FL,,31973,25.60809439,-80.42816162,1275,Richmond West
Wenatchee,WA,,31925,47.42209454,-120.3102493,1276,Wenatchee
Homestead,FL,,31909,25.4687224,-80.4775569,597,Homestead
Lacey,WA,,31226,47.03446765,-122.8238352,932,Lacey
Westchester,FL,,29862,25.75289864,-80.32653809,1370,Westchester
West Lafayette,IN,,29596,40.4258686,-86.9080655,1388,West Lafayette
Sherwood,AR,,29542,34.81494977,-92.22508778,1394,Sherwood
Aventura,FL,,29475,25.9564812,-80.1392121,1119,Aventura
Issaquah,WA,,29419,47.53004315,-122.0323616,1337,Issaquah
Glen Ellyn,IL,,27450,41.87628861,-88.06760788,1504,Glen Ellyn
University Park,FL,,26995,25.74609555,-80.36842346,1533,University Park
Langley,,CA,25081,49.09680099,-122.6561737,2528,Langley
Fremantle,,AU,24835,-32.05619448,115.7472065,2960,Perth
Cutler Bay,FL,,24781,25.5783,-80.3377,984,Cutler Bay
Belmont,MA,,24729,42.39588998,-71.17865467,1687,Belmont
Palmetto Bay,FL,,24469,25.6217715,-80.3247748,1793,Palmetto Bay
Coral Terrace,FL,,24376,25.74393085,-80.30250549,1707,Coral Terrace
Newport,RI,,23013,41.48917682,-71.31134374,1692,Newport
Woodburn,OR,,22900,45.14371208,-122.8553296,1734,Woodburn
The Crossings,FL,,22758,25.66504697,-80.4006958,1848,The Crossings
Laguna Beach,CA,,22723,33.54082236,-117.780304,1851,Laguna Beach
Miami Lakes,FL,,22688,25.9087056,-80.3086619,1401,Miami Lakes
Leisure City,FL,,22655,25.49224848,-80.4309082,1865,Leisure City
Oak Harbor ,WA,,22638,48.2931559,-122.6432245,1902,Oak Harbor
Princeton,FL,,22038,25.53733018,-80.40859222,1906,Princeton
Maryborough,,AU,21777,-25.53838343,152.7022362,2939,Maryborough
Roseburg,OR,,21050,43.216505,-123.3417381,1977,Roseburg
Venice,FL,,20770,27.0997775,-82.4542632,2010,Venice
Rocky River,OH,,20213,41.47220666,-81.84743292,2068,Rocky River
Klamath Falls,OR,,20065,42.22550258,-121.7808979,1999,Klamath Falls
Hialeah Gardens,FL,,19930,25.8650961,-80.3244957,1927,Hialeah Gardens
Ives Estates,FL,,19525,25.96236621,-80.17616272,2128,Ives Estates
Ypsilanti,MI,,19435,42.24072722,-83.61330414,2139,Ypsilanti
Pinecrest,FL,,19432,25.6622835,-80.3070395,2309,Pinecrest
Central Falls,RI,,19167,41.89167414,-71.39177006,2143,Central Falls
Payson,UT,,18294,40.04373232,-111.7318153,2291,Payson
Ojus,FL,,18036,25.94754886,-80.15007019,2330,Ojus
Westerly,RI,,17947,41.37750209,-71.82767334,2341,Westerly
Squamish,,CA,17158,49.69917078,-123.1512451,2520,Squamish
Glenvar Heights,FL,,16898,25.70465012,-80.32516479,2458,Glenvar Heights
Cocoa,FL,,16478,28.3861159,-80.7419984,2437,Cocoa
Silverdale,WA,,16206,47.6445386,-122.6948697,2170,Silverdale
Truckee,CA,,16180,39.32795057,-120.1832113,,
Ukiah,CA,,16075,39.15015218,-123.207767,,
Sunny Isles Beach,FL,,15399,25.9428707,-80.1233802,2002,Sunny Isles Beach
Opa-Locka,FL,,15376,25.9023168,-80.2503271,,
Yeppoon,,AU,15141,-23.12987306,150.7452965,2948,Yeppoon
Camano Island,WA,,13358,48.18108322,-122.5273555,,
La Grande,OR,,13102,45.32445283,-118.0874062,,
Tumwater,WA,,12698,47.00717238,-122.9098213,2411,Tumwater
Miami Springs,FL,,12631,25.8223198,-80.289495,,
Clemson,SC,,11939,34.6834382,-82.8373654,,
Cottonwood,AZ,,11311,34.73946973,-112.0091066,,
South Miami,FL,,10769,25.7076017,-80.2933846,,
Emeryville,,CA,10335,37.83117509,-122.2852993,,
Key Biscayne,FL,,10324,25.693713,-80.1628248,,
Sedona,AZ,,10063,34.86991555,-111.760303,,
Astoria,OR,,10045,46.1878841,-123.8312534,,
Miami Shores,FL,,10040,25.8631515,-80.1928253,,
Whistler,,CA,9965,50.11627437,-122.9583406,,
Shelton,WA,,9254,47.2149196,-123.1011143,,
Cottage Grove,OR,,9190,43.79757654,-123.0595139,,
Port Townsend,WA,,9136,48.1170387,-122.7604472,,
North Perth,,AU,8544,-31.92775301,115.8529437,2960,Perth
Innisfail,,AU,8262,-17.52489206,146.0324192,,
East Perth,,AU,8185,-31.95849793,115.8717299,2960,Perth
Port Orchard,WA,,8017,47.5403732,-122.6362492,,
Florida City,FL,,7843,25.4478898,-80.4792237,,
Mt Hawthorn,,AU,7357,-31.92126951,115.8380842,2960,Perth
Longboat Key,FL,,7263,27.4125417,-82.6589881,,
Victoria Park,,AU,6980,-31.97456111,115.898225,2960,Perth
North Bay Village,FL,,6819,25.8462074,-80.1539351,,
Poulsbo,WA,,6813,47.73588471,-122.646505,,
North Adelaide,,AU,6678,-34.90719088,138.5943317,2949,Adelaide
Stanwood,WA,,6231,48.24109637,-122.3701953,,
West Miami,FL,,5863,25.7577,-80.297036,,
District Heights,MD,,5837,38.85754866,-76.88922501,,
Surfside,FL,,5775,25.8784284,-80.1256007,,
West Perth,,AU,5168,-31.94887588,115.842129,2960,Perth
Bay Harbor Islands,FL,,5146,25.8875948,-80.1311564,,
Suquamish,WA,,4140,47.73126503,-122.5515671,,
Port Hadlock - Irondale,WA,,3476,48.03678148,-122.7759227,,
Yelm,WA,,3289,46.9413985,-122.6071169,,
Bal Harbour,FL,,3239,25.8917613,-80.1269896,,
El Portal,FL,,2427,25.8553739,-80.1931029,,
Virginia Gardens,FL,,2294,25.8103758,-80.3022732,,
Allyn,WA,,1988,47.38586272,-122.8275772,,
Langley,WA,,1118,48.03996538,-122.4061604,,
Medley,FL,,1059,25.8406526,-80.3264404,,
Golden Beach,FL,,909,25.9650919,-80.1222671,,
Clinton ,WA,,883,47.97828396,-122.3562756,,
Hoodsport,WA,,780,47.4069639,-123.1401439,,
Belfair,WA,,700,47.4509397,-122.826443,,
Skokomish,WA,,648,47.33339721,-123.1577205,,
Quilcene,WA,,591,47.82216963,-122.8755697,,
Eldon,WA,,378,47.54538219,-123.0447435,,
Lilliwaup,WA,,368,47.46355297,-123.1138499,,
Blyn,WA,,162,48.0222842,-123.0067156,,
Indian Creek,FL,,33,25.878061,-80.136678,,
Nashville-Davidson,TN,,601222,36.15388068,-86.78512573,25,Nashville-Davidson
Worcester,MA,,181045,42.26115926,-71.80080414,129,Worcester
Pittsfield,MA,,44737,42.44884544,-73.25099945,881,Pittsfield
Gloucester,MA,,28789,42.61430481,-70.66509247,1435,Gloucester
Fitchburg,MA,,40318,42.58195583,-71.79943085,983,Fitchburg
Fall River,MA,,88857,41.70082416,-71.15364075,346,Fall River
San Bernadino,CA,,209924,34.09840573,-117.2907257,100,San Bernardino
Chandler,AZ,,236123,33.30425828,-111.8384171,80,Chandler
Anaheim,CA,,336265,33.83290279,-117.9145432,54,Anaheim
Irving,TX,,216290,32.80830333,-96.94816589,95,Irving
Fremont,CA,,214089,37.5452397,-121.9815445,96,Fremont
Fort Wayne,IN,,253691,41.07854024,-85.13923645,74,Fort Wayne
Riverside,CA,,303871,33.95145786,-117.3940659,61,Riverside
Stockton,CA,,291707,37.95417838,-121.2883759,65,Stockton
Tulsa,OK,,391906,36.15142268,-95.99235535,46,Tulsa
Detroit,MI,,713777,42.33028006,-83.04857254,18,Detroit
Laval,,CA,401553,45.60356589,-73.7134552,2753,Laval
Markham,,CA,301709,43.85245421,-79.33570862,2831,Markham
Paradise,NV,,223167,36.09577422,-115.1453018,91,Paradise
Virginia Beach,VA,,437994,36.84713494,-76.01028442,39,Virginia Beach
Chesapeake,VA,,222209,36.76553027,-76.24992371,92,Chesapeake
Fresno,CA,,494665,36.74572536,-119.7859955,34,Fresno
Lubbock,TX,,229573,33.57721861,-101.8551064,84,Lubbock
Lexington-Fayette,KY,,295803,38.03955607,-84.50237274,63,Lexington-Fayette
Norfolk,VA,,242803,36.84689681,-76.28837585,78,Norfolk
Plano,TX,,259841,33.01915226,-96.70337677,71,Plano
Santa Monica,CA,,89736,34.02000291,-118.4921837,342,Santa Monica
Beaverton,OR,,89803,45.48479205,-122.8041458,340,Beaverton
Overland Park,KS,,173372,38.98034465,-94.67090607,139,Overland Park
Littleton,CO,,41737,39.6131206,-105.0157356,941,Littleton
Mount Rainier,MD,,8298,38.94138637,-76.96497917,,
Fair Lawn,NJ,,32457,40.93998401,-74.13239479,1255,Fair Lawn
Evanston,IL,,74486,42.04409004,-87.68445969,455,Evanston
Woburn,MA,,38120,42.47695571,-71.15123749,1038,Woburn
Tukwila,WA,,19107,47.47201018,-122.2665024,2183,Tukwila
Kansas City,KS,,145786,39.09892713,-94.62867737,168,Kansas City
Escondido,CA,,143911,33.11787424,-117.085762,174,Escondido
Campbell,CA,,39349,37.28601282,-121.9494438,1005,Campbell
Lake Oswego,OR,,36619,45.42057151,-122.6659584,1085,Lake Oswego
Gresham,OR,,105594,45.49950411,-122.4271774,259,Gresham
Tigard,OR,,48035,45.4296752,-122.7718735,817,Tigard
Tucson,AZ,,520116,32.22202323,-110.963974,33,Tucson
Inglewood,CA,,109673,33.96110131,-118.3532238,243,Inglewood
Newark,NJ,,277140,40.73361657,-74.17110443,68,Newark
Henderson,NV,,257729,36.03664153,-114.9781036,73,Henderson
Jersey City,NJ,,247597,40.72716933,-74.07068253,75,Jersey City
Aurora,,CA,53203,44.00496235,-79.4486618,2818,Aurora
East Gwillimbury,,CA,22473,44.10099243,-79.44282532,,
Georgina,,CA,43517,44.29396769,-79.43595886,2841,Georgina
Vaughan,,CA,288301,43.83709613,-79.53895569,2615,Vaughan
Newmarket,,CA,79978,44.05862546,-79.45741653,2802,Newmarket
Whitchurch-Stouffville,,CA,37628,43.96770826,-79.24369812,2820,Whitchurch-Stouffville
King,,CA,19899,43.93075531,-79.51901078,,
Denville,NJ,,15824,40.88786272,-74.47784185,,
Rancho Cordova,CA,,64776,38.58885795,-121.3022804,545,Rancho Cordova
West St Paul,MN,,19540,44.91560935,-93.09831619,2126,West St. Paul
Mendota Heights,MN,,11071,44.8833637,-93.13848495,,
Champaign,IL,,81055,40.11583222,-88.24235916,395,Champaign
Fairfax,VA,,22565,38.84580359,-77.30538368,1871,Fairfax
Vienna,VA,,16370,38.90108635,-77.265172,,
Oklahoma City,OK,,579816,35.46018058,-97.52426147,31,Oklahoma City
Anchorage,AK,,291826,61.20092717,-149.8727417,64,Anchorage
Garland,TX,,226285,32.91117137,-96.64020538,87,Garland
Aurora,IL,,197834,41.75737126,-88.3146286,113,Aurora
Fontana,CA,,196069,34.09007423,-117.4338913,115,Fontana
Yonkers,NY,,195976,40.93000173,-73.89644623,116,Yonkers
Moreno Valley,CA,,193365,33.94073425,-117.228756,120,Moreno Valley
Huntington Beach,CA,,189938,33.65971909,-117.9984856,123,Huntington Beach
Sunrise Manor,NV,,189372,36.14386174,-115.0654793,125,Sunrise Manor
Newport News,VA,,180718,37.08342713,-76.48750305,130,Newport News
Spring Valley,NV,,177600,36.10502897,-115.2434921,133,Spring Valley
Garden Grove,CA,,170883,33.7733239,-117.9438972,140,Garden Grove
Rancho Cucamonga,CA,,165269,34.10258362,-117.5938797,145,Rancho Cucamonga
Ontario,CA,,163924,34.06198356,-117.6506996,147,Ontario
Corona,CA,,152372,33.8725713,-117.5671005,162,Corona
Pomona,CA,,149043,34.05253497,-117.7511215,164,Pomona
Joliet,IL,,147423,41.52388897,-88.07979584,166,Joliet
Torrance,CA,,145244,33.83379519,-118.3485031,169,Torrance
Fort Collins,CO,,143986,40.58359953,-105.0749588,173,Fort Collins
Lakewood,CO,,142850,39.70284497,-105.078392,175,Lakewood
Naperville,IL,,141853,41.75071208,-88.14914703,176,Naperville
Alexandria,VA,,139966,38.80407396,-77.04660416,180,Alexandria
East Los Angeles,CA,,126271,34.02295577,-118.1653404,200,East Los Angeles
Allentown,PA,,118032,40.60764024,-75.49032211,220,Allentown
Costa Mesa,CA,,109948,33.64028504,-117.9195213,242,Costa Mesa
Elgin,IL,,108188,42.03439279,-88.27960968,248,Elgin
Arvada,CO,,106433,39.80050809,-105.0818253,256,Arvada
Westminster,CO,,106114,39.83426202,-105.0344467,257,Westminster
Norwalk,CA,,105549,33.90079586,-118.081913,260,Norwalk
West Jordan ,UT,,103712,40.60868281,-111.9381523,269,West Jordan
El Cajon,CA,,99478,32.79350685,-116.9623375,290,El Cajon
Richardson ,TX,,99223,32.94696699,-96.73067093,291,Richardson
Rialto,CA,,99171,34.10600383,-117.3708916,293,Rialto
New Bedford,MA,,95071,41.63472213,-70.92567444,312,New Bedford
Sandy Springs,GA,,93853,33.92934045,-84.37929153,315,Sandy Springs
State College ,PA,,41721,40.79239337,-77.86096573,938,State College
Takoma Park,MD,,16715,38.97790621,-77.00772285,2481,Takoma Park
Florence-Graham,CA,,63387,33.96659607,-118.242588,557,Florence-Graham
Beverly Hills,CA,,34109,34.07293746,-118.4000874,1184,Beverly Hills
Langley Park,MD,,18755,38.98831436,-76.98266029,2229,Langley Park
Wheaton,MD,,48284,39.0404113,-77.05038071,809,Wheaton
East Cleveland,OH,,17842,41.53243093,-81.57958031,2351,East Cleveland
Hyattsville,MD,,17557,38.95476178,-76.94429398,2381,Hyattsville
Mount Vernon,NY,,67292,40.91159101,-73.83653641,509,Mount Vernon
North Bethesda,MD,,43828,39.04361114,-77.11801529,898,North Bethesda
Westmont,CA,,31853,33.94102352,-118.3022404,1282,Westmont
Union City,NJ,,66453,40.77892879,-74.02235985,522,Union City
West New York,NJ,,49693,40.78789736,-74.0141201,776,West New York
Bayonne,NJ,,63024,40.66725253,-74.11565781,563,Bayonne
East Orange,NJ,,64211,40.76249545,-74.21693802,548,East Orange
Hackensack,NJ,,43010,40.88538074,-74.04390335,913,Hackensack
Cicero,IL,,83891,41.84490877,-87.75312424,379,Cicero
Paterson,NJ,,146199,40.91605026,-74.17161942,167,Paterson
Elizabeth,NJ,,124969,40.66270329,-74.21058655,203,Elizabeth
Passaic,NJ,,69781,40.85578439,-74.1276741,489,Passaic
Rockville,MD,,61182,39.0825809,-77.15303421,585,Rockville
Malden,MA,,59450,42.42456924,-71.06703758,615,Malden
Huntington Park,CA,,58114,33.9816014,-118.2255077,634,Huntington Park
Hempstead,NY,,53891,40.70526194,-73.62333298,704,Hempstead
White Plains,NY,,56853,41.03062269,-73.76478195,652,White Plains
Elmwood Park ,IL,,24883,41.92087612,-87.809515,1675,Elmwood Park
Berwyn,IL,,56657,41.84976802,-87.79260635,657,Berwyn
Skokie,IL,,64784,42.0316435,-87.74145126,544,Skokie
Vista,CA,,93834,33.19766884,-117.2430038,317,Vista
Brockton,MA,,93764,42.08170964,-71.01802826,318,Brockton
Arden-Arcade,CA,,92186,38.60071492,-121.3812447,326,Arden-Arcade
Hillsboro,OR,,91611,45.52067647,-122.9867935,329,Hillsboro
Lynn,MA,,89755,42.46571026,-70.94919205,336,Lynn
Spokane Valley,WA,,89755,47.66011252,-117.2402573,341,Spokane Valley
Richfield,MN,,35228,44.88285057,-93.28242302,1144,Richfield
Charlotte,NC,,731424,35.22269424,-80.8442688,17,Charlotte
Prince George,,CA,71974,53.91371707,-122.7550507,2577,Prince George
Fairfax,CA,,7607,37.9868279,-122.5871873,,
Hayward,CA,,144186,37.66739738,-122.0811081,172,Hayward
Castro Valley,CA,,61388,37.69349067,-122.0792198,582,Castro Valley
San Leandro,CA,,84950,37.7236907,-122.1537209,369,San Leandro
Ashland,CA,,21925,37.69449669,-122.1136379,1916,Ashland
Lawrence,MA,,76377,42.70635209,-71.16342545,434,Lawrence
Framingham,MA,,68318,42.27710238,-71.41559601,498,Framingham
Haverhill,MA,,60879,42.77462911,-71.08119965,587,Haverhill
Waltham,MA,,60632,42.37599102,-71.23586655,594,Waltham
Plantation ,FL,,84955,26.12763221,-80.23881912,368,Plantation
Morgan Hill,CA,,37882,37.12889611,-121.6533279,1045,Morgan Hill
Arlington,MA,,42844,42.41554413,-71.15449905,916,Arlington
Lexington ,MA,,31394,42.44615057,-71.22608185,1299,Lexington
Long Beach,CA,,462257,33.76826709,-118.1864548,36,Long Beach
Sioux Falls,SD,,153888,43.54426329,-96.72998428,157,Sioux Falls
Syracuse,NY,,145170,43.04670287,-76.14589691,170,Syracuse
Grand Junction ,CO,,58566,39.06333196,-108.5548782,626,Grand Junction
Springfield,OR,,59403,44.04554777,-123.0212975,616,Springfield
Pickering,,CA,88721,43.83412434,-79.08576965,2629,Pickering
Bradford West Gwillimbury,,CA,28077,44.11381138,-79.56642151,2817,Bradford West Gwillimbury
Camden,NJ,,77344,39.92495111,-75.11816025,421,Camden
Longview,WA,,36648,46.13644504,-122.9359818,1084,Longview
Kelso,WA,,11925,46.14500889,-122.906456,,
Bloomington,IL,,76610,40.48287854,-88.99303436,433,Bloomington
Normal,IL,,52497,40.51291008,-88.99045944,725,Normal
Kingston,,CA,123363,44.2290568,-76.49299622,2661,Kingston
Flagstaff,AZ,,65870,35.19642995,-111.6513062,530,Flagstaff
Melbourne,,AU,3707530,-37.81005519,144.9453735,2902,Melbourne
El Paso,TX,,649121,31.75827621,-106.4870453,19,El Paso
Brighton,CO,,33352,39.98427245,-104.8195267,1215,Brighton
Thornton,CO,,118772,39.8650513,-104.9640656,218,Thornton
Commerce City,CO,,45913,39.8085072,-104.9306774,860,Commerce City
Northglenn,CO,,35789,39.89424634,-104.981575,1118,Northglenn
Sherrelwood,CO,,18287,39.83722376,-105.0019169,2294,Sherrelwood
Broomfield,CO,,55889,39.91994843,-105.0871468,673,Broomfield
Englewood,CO,,30255,39.64709687,-104.9872398,1348,Englewood
Centennial,CO,,100377,39.57858683,-104.8923111,281,Centennial
Columbine,CO,,24280,39.58658275,-105.0706673,1715,Columbine
Golden  ,CO,,18867,39.75491896,-105.2206993,2216,Golden
Wheat Ridge,CO,,30166,39.76990428,-105.0811386,1351,Wheat Ridge
Ken Caryl,CO,,32438,39.57382357,-105.1127243,1257,Ken Caryl
Dakota Ridge,CO,,32005,39.6143587,-105.1283455,1273,Dakota Ridge
Roanoke,VA,,97032,37.26956198,-79.94167328,303,Roanoke
Harrisonburg,VA,,48914,38.44836011,-78.86941262,794,Harrisonburg
Lynchburg,VA,,75568,37.41204489,-79.14447784,443,Lynchburg
Manassas,VA,,37821,38.74969058,-77.47163773,1047,Manassas
Hartford,CT,,124775,41.76300541,-72.68108368,205,Hartford
Port Coquitlam,,CA,56342,49.26134937,-122.7807999,2521,Port Coquitlam
Oxnard,CA,,197899,34.19669116,-119.1774559,114,Oxnard
Port Hueneme,CA,,21723,34.14692907,-119.1949654,1929,Port Hueneme
San Buenaventura,CA,,106433,34.27854915,-119.294014,255,San Buenaventura (Ventura)
Regina,,CA,193100,50.44472923,-104.6162796,2561,Regina
Grand Rapids,MI,,188240,42.96234274,-85.66761017,126,Grand Rapids
Richmond,CA,,103701,37.9354146,-122.3482132,270,Richmond
San Rafael,CA,,57713,37.97277275,-122.5239944,639,San Rafael
Towson,MD,,55197,39.40085985,-76.60165787,685,Towson
Barnstable Town,MA,,45193,41.65011616,-70.28434753,872,Barnstable Town
Trenton,NJ,,84913,40.21579163,-74.74359512,370,Trenton
Des Moines,IA,,203433,41.59684677,-93.59973907,107,Des Moines
Bozeman,MT,,37280,45.67672658,-111.0425949,1061,Bozeman
Culver City,CA,,38883,34.02073269,-118.3929634,1015,Culver City
Delta,,CA,99863,49.09328834,-123.0242157,2510,Delta
Nanaimo,,CA,83810,49.16248394,-123.9415741,2511,Nanaimo
Abbotsford,,CA,133497,49.04920449,-122.3183441,2508,Abbotsford
Saskatoon,,CA,222189,52.13255287,-106.670723,2582,Saskatoon
London,,CA,366151,42.98214073,-81.24595642,2660,London
Burlington,,CA,175779,43.32277372,-79.80262756,2676,Burlington
Oakville,,CA,182520,43.46447591,-79.68589783,2829,Oakville
Barrie,,CA,135711,44.38845493,-79.6869278,2670,Barrie
Comox,,CA,13627,49.67331456,-124.9274254,2760,Comox
Racine,WI,,78860,42.72411214,-87.78728485,412,Racine
Ketchikan,AK,,8245,55.34207121,-131.6460586,,
Painesville,OH,,19563,41.72356397,-81.24509811,2122,Painesville
Juneau,AK,,31275,58.30067275,-134.4129181,1304,Juneau
Barstow,CA,,22639,34.89415046,-117.0164108,1866,Barstow
Chino,CA,,77983,34.01714896,-117.6886368,417,Chino
Christchurch,,NZ,389700,-43.53237152,172.6366282,,
Everett,WA,,103019,47.9774119,-122.2005844,275,Everett
Edmonds,WA,,39709,47.81029407,-122.377224,993,Edmonds
Chattanooga,TN,,167674,35.04324357,-85.30952454,142,Chattanooga
Terre Haute,IN,,60785,39.46523846,-87.41031647,591,Terre Haute
Jackson,MS,,173514,32.29616587,-90.18333435,138,Jackson
Farmington,NM,,45877,36.72600359,-108.2143021,861,Farmington
Burlington,VT,,42417,44.47386394,-73.21117401,930,Burlington
Janesville,WI,,63575,42.67798697,-89.02290344,555,Janesville
Petaluma,CA,,57941,38.22987072,-122.6407242,636,Petaluma
Concord,NC,,79066,35.40795781,-80.58231354,410,Concord
Kannapolis,NC,,42625,35.48605212,-80.62093735,922,Kannapolis
Oshkosh,WI,,66083,44.02303289,-88.5408783,527,Oshkosh
Orangeville,,CA,27975,43.9195583,-80.09428024,2833,Orangeville
Sheboygan,WI,,49288,43.7506527,-87.71999359,782,Sheboygan
Waukesha,WI,,70718,43.00835816,-88.22553635,481,Waukesha
McMinnville,OR,,32187,45.20976101,-123.198452,1263,McMinnville
St John's,,CA,106172,47.56151252,-52.70999908,2702,St. John's
Charleston,SC,,120083,32.78586746,-79.9344635,215,Charleston
Whitby,,CA,122022,43.87967549,-78.94020081,2835,Whitby
Oshawa,,CA,149607,43.8945216,-78.86329651,2643,Oshawa
Ajax,,CA,109600,43.84799142,-79.02122498,2825,Ajax
East Rutherford,NJ,,9856,40.83389503,-74.09691989,,
Traverse City,MI,,15479,44.76303751,-85.62060714,,
Stamford,CT,,122643,41.0517997,-73.53870392,209,Stamford
Monterey,CA,,27810,36.59975825,-121.8951988,1485,Monterey
Salinas,CA,,150411,36.67347888,-121.6536713,163,Salinas
Marietta,GA,,56579,33.95230006,-84.55069542,659,Marietta
East Point,GA,,33712,33.67829165,-84.43971634,1200,East Point
Forest Park,GA,,18468,33.6205071,-84.36315536,2266,Forest Park
Mableton,GA,,37115,33.81811759,-84.58219528,1064,Mableton
Smyrna,GA,,51271,33.88317998,-84.51353073,752,Smyrna
Candler-McAfee,GA,,23025,33.7312773,-84.28307533,1829,Candler-McAfee
Decatur,GA,,19335,33.77483553,-84.2961216,2150,Decatur
North Decatur,GA,,16698,33.7918719,-84.2852211,2484,North Decatur
Redan,GA,,33015,33.72565139,-84.16574478,1237,Redan
North Atlanta,GA,,40456,33.86488341,-84.33671951,982,North Atlanta
Tucker,GA,,27581,33.85290923,-84.21552658,1495,Tucker
Montgomery,AL,,205764,32.36162988,-86.30018234,104,Montgomery
Cumberland,MD,,20859,39.65159076,-78.76184464,1998,Cumberland
Westminster,MD,,18590,39.5735672,-76.99338913,2249,Westminster
Laurel,MD,,25115,39.09897292,-76.8492794,1654,Laurel
Columbia,MD,,99615,39.21298691,-76.85863495,288,Columbia
Bel Air South,MD,,47709,39.4932286,-76.32511139,828,Bel Air South
Bel Air  ,MD,,10109,39.53465484,-76.34794235,,
Suitland,MD,,25825,38.84847746,-76.92412376,1608,Suitland
Parkville,MD,,30734,39.3765854,-76.53977394,1318,Parkville
Dundalk,MD,,63597,39.24996044,-76.51994705,554,Dundalk
Pikesville,MD,,30764,39.37268328,-76.72250748,1317,Pikesville
Milford Mill,MD,,29042,39.35596103,-76.76610947,1419,Milford Mill
Cockeysville,MD,,20776,39.46365643,-76.63255692,2007,Cockeysville
Arbutus,MD,,20483,39.25394833,-76.69778824,2033,Arbutus
Severn,MD,,44231,39.15205324,-76.72147751,886,Severn
Severna Park,MD,,37634,39.07187011,-76.54500961,1052,Severna Park
Woodlawn,MD,,37879,39.31214566,-76.75512314,1046,Woodlawn
Ferndale,MD,,16746,39.18239777,-76.63942337,2475,Ferndale
Glen Burnie,MD,,67639,39.16126279,-76.62448883,506,Glen Burnie
Arnold,MD,,23106,39.0313443,-76.50587082,1817,Arnold
Carney,MD,,29941,39.3973612,-76.54020309,1364,Carney
Catonsville,MD,,41567,39.27096077,-76.73280716,945,Catonsville
Essex,MD,,39262,39.30887916,-76.47488594,1009,Essex
Middle River,MD,,25191,39.333924,-76.44098282,1650,Middle River
Lochearn,MD,,25333,39.34048357,-76.72139168,1641,Lochearn
Rosedale,MD,,19257,39.31905173,-76.51582718,2163,Rosedale
Randallstown,MD,,32430,39.36710964,-76.79323196,1258,Randallstown
Reisterstown,MD,,25968,39.46895732,-76.82859421,1599,Reisterstown
Owings Mills,MD,,30622,39.41831731,-76.77881241,1322,Owings Mills
Ellicott City,MD,,65834,39.26644224,-76.79941177,533,Ellicott City
Perry Hall,MD,,28474,39.41168631,-76.46604538,1446,Perry Hall
Annapolis,MD,,38294,38.97825234,-76.49282455,1031,Annapolis
Edgewood,MD,,25562,39.43502463,-76.31601334,1622,Edgewood
Gaithersburg,MD,,59933,39.14220176,-77.19903946,607,Gaithersburg
Germantown,MD,,86395,39.17882998,-77.26718903,358,Germantown
Annandale,VA,,41008,38.83108295,-77.19612122,969,Annandale
Tysons Corner,VA,,19627,38.91775003,-77.22770691,2116,Tysons Corner
Landover,MD,,23078,38.92557543,-76.88464165,1821,Landover
Broken Arrow,OK,,98850,36.05896981,-95.79563141,294,Broken Arrow
Jenks,OK,,16924,36.02111036,-95.97072601,2453,Jenks
Sand Springs,OK,,18906,36.13809133,-96.10994339,2211,Sand Springs
Bowie,MD,,54727,38.94317213,-76.73229218,689,Bowie
Cleveland Heights,OH,,46121,41.51155798,-81.57915115,856,Cleveland Heights
Fitchburg,WI,,25260,43.00228544,-89.42716599,1644,Fitchburg
Fargo,ND,,105549,46.87406926,-96.79161072,261,Fargo
Wichita,KS,,382368,37.6846694,-97.33268738,49,Wichita
Jacksonville,FL,,821784,30.28938445,-81.59957886,11,Jacksonville
New Orleans,LA,,343829,29.94872485,-90.07484436,52,New Orleans
Boise City,ID,,205671,43.61498209,-116.2071991,105,Boise City
South Salt Lake,UT,,23617,40.71738752,-111.8878555,1778,South Salt Lake
Orem,UT,,88328,40.29651973,-111.6946507,350,Orem
Sandy,UT,,87461,40.57648994,-111.8724918,355,Sandy
Layton,UT,,67311,41.08105757,-111.9745445,508,Layton
South Ogden,UT,,16532,41.19482654,-111.9714546,2499,South Ogden
Millcreek,UT,,62139,40.68573113,-111.8665695,575,Millcreek
Midvale,UT,,27964,40.60993713,-111.9075966,1478,Midvale
Murray,UT,,46746,40.6630858,-111.8876839,847,Murray
Taylorsville,UT,,58653,40.66725253,-111.9391823,624,Taylorsville
Kearns,UT,,35731,40.65542712,-111.9942856,1122,Kearns
Magna,UT,,26505,40.70697804,-112.1007156,1563,Magna
Roy,UT,,36884,41.16141526,-112.0263004,1075,Roy
Lennox,CA,,22753,33.93806174,-118.3524084,1849,Lennox
Chillum,MD,,33513,38.9627708,-76.99064255,1207,Chillum
Valley Stream,NY,,37511,40.66365955,-73.70444298,1054,Valley Stream
Shaker Heights,OH,,28448,41.47380731,-81.53632164,1447,Shaker Heights
Lansing,MI,,114297,42.73328577,-84.54906464,232,Lansing
Yuma,AZ,,93064,32.69185026,-114.6234512,321,Yuma
Lincoln,NE,,258379,40.81421523,-96.70200348,72,Lincoln
Daytona Beach,FL,,61005,29.20958212,-81.02108002,586,Daytona Beach
West Palm Beach ,FL,,99919,26.71726627,-80.05702972,284,West Palm Beach
Tallahassee,FL,,181376,30.43657504,-84.28230286,128,Tallahassee
Fairbanks,AK,,31535,64.83748967,-147.7190781,1294,Fairbanks
Vancouver,WA,,161791,45.63362124,-122.6729965,148,Vancouver
Farmington,UT,,18275,40.99974726,-111.9075966,2295,Farmington
American Fork,UT,,26263,40.37573752,-111.7949867,1577,American Fork
Bountiful,UT,,42522,40.88683263,-111.8837357,927,Bountiful
Brigham City,UT,,17899,41.5083684,-112.0155716,2345,Brigham City
Clearfield,UT,,30122,41.11003566,-112.0236397,1353,Clearfield
Clinton,UT,,20426,41.13931206,-112.0640659,2035,Clinton
Cottonwood Heights,UT,,33433,40.62401001,-111.8334389,1212,Cottonwood Heights
Draper,UT,,42274,40.52454868,-111.8803024,933,Draper
Eagle Mountain,UT,,21415,40.35847317,-111.9817543,1951,Eagle Mountain
Herriman,UT,,21785,40.51202099,-112.0272446,1924,Herriman
Holladay,UT,,26472,40.66881499,-111.8248558,1566,Holladay
Kaysville,UT,,27300,41.03419988,-111.9391823,1511,Kaysville
Lehi,UT,,47406,40.38818441,-111.8473434,835,Lehi
North Ogden,UT,,17357,41.30581914,-111.9676781,2412,North Ogden
Pleasant Grove,UT,,33508,40.36318207,-111.7407417,1208,Pleasant Grove
Riverton,UT,,38753,40.52074006,-111.9391823,1020,Riverton
Saratoga Springs,UT,,17781,40.387167,-111.9160938,2359,Saratoga Springs
Spanish Fork,UT,,34691,40.11357586,-111.6550827,1162,Spanish Fork
Springville,UT,,29466,40.1646005,-111.6102791,1395,Springville
Syracuse,UT,,24331,41.08830329,-112.0634651,1709,Syracuse
Tooele,UT,,31605,40.52924596,-112.2977829,1290,Tooele
Bailey's Crossroads,VA,,23643,38.85061649,-77.1306324,1776,Bailey's Crossroads
Blacksburg,VA,,42620,37.22692843,-80.41545868,923,Blacksburg
Burke,VA,,41055,38.79332102,-77.27148056,966,Burke
Burke Centre,VA,,17326,38.78775578,-77.30195045,2414,Burke Centre
Centreville,VA,,71135,38.83879672,-77.43078232,477,Centreville
Chantilly,VA,,23039,38.89413087,-77.42872238,1827,Chantilly
Christiansburg,VA,,21041,37.1278012,-80.40859222,1985,Christiansburg
Fair Oaks,VA,,30223,38.86125635,-77.36623764,1349,Fair Oaks
Franconia,VA,,18245,38.78101084,-77.14479446,2301,Franconia
Franklin Farm,VA,,19288,38.90615433,-77.40537643,2155,Franklin Farm
Herndon,VA,,23292,38.96976544,-77.38589287,1803,Herndon
Idylwood,VA,,17288,38.8948135,-77.2111845,2418,Idylwood
Lincolnia,VA,,22855,38.81766751,-77.14479446,1841,Lincolnia
Lorton,VA,,18572,38.70281839,-77.22410202,2247,Lorton
McLean,VA,,48112,38.93286584,-77.17809677,815,McLean
McNair,VA,,17513,38.95201264,-77.40906715,2385,McNair
Oakton,VA,,34166,38.87970003,-77.30100632,1181,Oakton
Portsmouth,VA,,95535,36.83499847,-76.30725861,310,Portsmouth
Reston,VA,,58404,38.95769853,-77.35628128,629,Reston
Rose Hill,VA,,20226,38.78855861,-77.11483955,2064,Rose Hill
Springfield,VA,,30484,38.78850425,-77.18633652,1333,Springfield
West Falls Church,VA,,29207,38.86598885,-77.19500542,1409,West Falls Church
West Springfield,VA,,22460,38.77967265,-77.23405838,1877,West Springfield
Woodlawn,VA,,20804,38.72925893,-77.111063,2005,Woodlawn
Aspen Hill,MD,,48758,39.07933285,-77.07715988,798,Aspen Hill
Beltsville,MD,,16772,39.03427787,-76.90790176,2471,Beltsville
Calverton,MD,,17724,39.05694225,-76.9401741,2365,Calverton
Camp Springs,MD,,19096,38.80295359,-76.90721512,2186,Camp Springs
College Park,MD,,30413,38.98897732,-76.93502426,1338,College Park
Fairland,MD,,23677,39.07613463,-76.95734024,1770,Fairland
Fort Washington,MD,,23717,38.72547991,-76.99115753,1767,Fort Washington
Glassmanor,MD,,17295,38.81919307,-76.99965477,2417,Glassmanor
Greenbelt,MD,,23068,39.00360272,-76.87665939,1823,Greenbelt
Montgomery Village,MD,,32032,39.17361517,-77.20487595,1268,Montgomery Village
North Potomac,MD,,24357,39.09105843,-77.20212936,1704,North Potomac
Olney,MD,,33844,39.15231947,-77.06651688,1193,Olney
Oxon Hill,MD,,17722,38.80268604,-76.98755264,2366,Oxon Hill
Redland,MD,,17242,39.14353312,-77.14445114,2424,Redland
Seabrook,MD,,17287,38.97376921,-76.84824944,2420,Seabrook
South Laurel,MD,,26111,39.0700043,-76.84370041,1592,South Laurel
White Oak,MD,,17403,39.03899883,-76.9910717,2404,White Oak
Norwood,OH,,19207,39.16422007,-84.45422173,2168,Norwood
Lakewood,OH,,52131,41.48100956,-81.79947853,731,Lakewood
Whitehall,OH,,18062,39.9661476,-82.88558006,2326,Whitehall
Euclid,OH,,48920,41.5917116,-81.52301788,793,Euclid
Parma Heights,OH,,20718,41.38989365,-81.76136971,2014,Parma Heights
South Euclid,OH,,22295,41.52158362,-81.52112961,1887,South Euclid
Maple Heights,OH,,23138,41.41482086,-81.56576157,1810,Maple Heights
Garfield Heights,OH,,28849,41.4181679,-81.60661697,1433,Garfield Heights
Parma,OH,,81601,41.40452118,-81.73261642,391,Parma
Fairview Park,OH,,16826,41.44107764,-81.86273575,2465,Fairview Park
Upper Arlington,OH,,33748,40.00726176,-83.055439,1196,Upper Arlington
Mayfield Heights,OH,,19087,41.51932236,-81.4587307,2175,Mayfield Heights
Reynoldsburg,OH,,35893,39.95483204,-82.80747414,1111,Reynoldsburg
North Olmsted,OH,,32718,41.41739552,-81.91663742,1247,North Olmsted
White Oak,OH,,19167,39.21144904,-84.59970474,2174,White Oak
Gahanna,OH,,33097,40.01861794,-82.87965775,1221,Gahanna
Westlake,OH,,32729,41.45420205,-81.91869736,1246,Westlake
Berea,OH,,19093,41.36588286,-81.85380936,2187,Berea
Forest Park,OH,,18720,39.28842164,-84.52288628,2231,Forest Park
Strongsville,OH,,44413,41.31278215,-81.83492661,880,Strongsville
Broadview Heights,OH,,19070,41.31278215,-81.68455124,2142,Broadview Heights
Waipahu,HI,,38216,21.38588561,-158.0090618,1033,Waipahu
Ewa Gentry,HI,,22690,21.33360803,-158.023138,1858,Ewa Gentry
Pearl City,HI,,47567,21.3950912,-157.9705238,830,Pearl City
Mililani Town,HI,,27629,21.45124627,-158.0154133,1491,Mililani Town
East Honolulu,HI,,49912,21.27686297,-157.7026463,772,East Honolulu
Wahiawa,HI,,17821,21.49741255,-158.0267429,2354,Wahiawa
Makakilo,HI,,18248,21.34419344,-158.0795717,2300,Makakilo
Kaneohe,HI,,34597,21.39963135,-157.798605,1164,Kaneohe
Kailua,HI,,38577,21.39413221,-157.7418709,1023,Kailua
Mililani Mauka,HI,,21039,21.46786142,-158.0006504,1986,Mililani Mauka
Alpharetta,GA,,57551,34.07421272,-84.29380417,641,Alpharetta
Dunwoody,GA,,46267,33.94523794,-84.33397293,854,Dunwoody
North Druid Hills,GA,,18947,33.8171772,-84.31311607,2203,North Druid Hills
Roswell,GA,,88333,34.02408507,-84.35955048,349,Roswell
Union City,GA,,19456,33.5684589,-84.53996658,2135,Union City
Baldwin,NY,,24033,40.66809254,-73.61198068,1738,Baldwin
Brighton,NY,,36609,43.12144448,-77.57476093,1086,Brighton
Cheektowaga,NY,,75178,42.90287035,-78.75029804,448,Cheektowaga
East Massapequa,NY,,19069,40.66783213,-73.43551279,2191,East Massapequa
East Meadow,NY,,38132,40.72431725,-73.55979563,1037,East Meadow
Eastchester,NY,,19433,40.95913637,-73.81120503,2125,Eastchester
Elmont,NY,,33198,40.70795852,-73.70928675,1223,Elmont
Franklin Square,NY,,29320,40.707166,-73.67593587,1405,Franklin Square
Freeport,NY,,42860,40.65715445,-73.58451486,915,Freeport
Garden City,NY,,22371,40.72642222,-73.63439382,1883,Garden City
Glen Cove,NY,,26964,40.8631135,-73.62983347,1536,Glen Cove
Harrison,NY,,27467,40.96995459,-73.71718647,1501,Harrison
Hicksville,NY,,41521,40.76801477,-73.52580667,947,Hicksville
Irondequoit,NY,,51692,43.20899898,-77.58329872,741,Irondequoit
Lackawanna,NY,,18141,42.82522382,-78.82457555,2321,Lackawanna
Levittown,NY,,51881,40.72561818,-73.51550699,737,Levittown
Long Beach,NY,,33275,40.58820893,-73.65859807,1220,Long Beach
Lynbrook,NY,,19427,40.65483385,-73.67164433,2140,Lynbrook
Mamaroneck,NY,,18920,40.94817592,-73.73366596,2206,Mamaroneck
Massapequa,NY,,21685,40.68085138,-73.4688151,1934,Massapequa
Massapequa Park,NY,,17008,40.67746662,-73.45576883,2448,Massapequa Park
Merrick,NY,,22097,40.66236329,-73.55121256,1896,Merrick
Mineola,NY,,18799,40.74892411,-73.64126027,2223,Mineola
Niagara Falls,NY,,50193,43.09583942,-79.04266001,764,Niagara Falls
North Bellmore,NY,,19941,40.69115829,-73.5406667,2088,North Bellmore
North Massapequa,NY,,17886,40.70378258,-73.46187413,2347,North Massapequa
North Valley Stream,NY,,16628,40.68933603,-73.72159779,2492,North Valley Stream
Oceanside,NY,,32109,40.63865978,-73.64116312,1267,Oceanside
Ossining,NY,,24982,41.16206727,-73.861233,1658,Ossining
Peekskill,NY,,23583,41.28988542,-73.92097116,1781,Peekskill
Plainview,NY,,26216,40.77529489,-73.46847177,1582,Plainview
Port Chester,NY,,28967,41.00110128,-73.66485239,1423,Port Chester
Rockville Centre,NY,,24023,40.65767535,-73.64322306,1739,Rockville Centre
Saratoga Springs,NY,,26585,43.08183789,-73.78447773,1558,Saratoga Springs
Scarsdale,NY,,17166,41.00421046,-73.78501535,2432,Scarsdale
Schenectady,NY,,66135,42.81365814,-73.94157053,525,Schenectady
Tonawanda,NY,,58144,42.98141427,-78.87134195,633,Tonawanda
Troy,NY,,50129,42.72573926,-73.68972065,768,Troy
Uniondale,NY,,24759,40.70896428,-73.59447122,1682,Uniondale
Wantagh,NY,,18871,40.67173817,-73.50932718,2214,Wantagh
West Hempstead,NY,,18862,40.70495378,-73.65430654,2218,West Hempstead
Alsip,IL,,19277,41.66876225,-87.73868204,2158,Alsip
Belleville,IL,,44464,38.51530306,-89.98381855,885,Belleville
Bellwood,IL,,19071,41.88142488,-87.88160146,2189,Bellwood
Bensenville,IL,,18352,41.95433778,-87.94055582,2284,Bensenville
Blue Island,IL,,23706,41.65670739,-87.68169046,1769,Blue Island
Brookfield,IL,,18978,41.82322327,-87.84785868,2200,Brookfield
Burbank,IL,,28925,34.18098673,-118.3077967,273,Burbank
Calumet City,IL,,37042,41.61436928,-87.53234506,1070,Calumet City
Chicago Heights,IL,,30276,41.5051885,-87.63671518,1347,Chicago Heights
Deerfield,IL,,18225,42.16766365,-87.84589589,2307,Deerfield
Des Plaines,IL,,58364,42.0430817,-87.88611652,630,Des Plaines
Dolton,IL,,23153,41.63797941,-87.60753275,1809,Dolton
Downers Grove,IL,,47833,41.79477185,-88.00833942,820,Downers Grove
East St. Louis,IL,,27006,38.62299154,-90.15292765,1530,East St. Louis
Evergreen Park,IL,,19822,41.72056994,-87.6920873,2099,Evergreen Park
Fairview Heights,IL,,17078,38.58730837,-89.98572946,2443,Fairview Heights
Franklin Park,IL,,18333,41.92956678,-87.87601114,2286,Franklin Park
Grayslake,IL,,20957,42.34322869,-88.04061176,1993,Grayslake
Gurnee,IL,,31295,42.36859935,-87.90053608,1303,Gurnee
Harvey,IL,,25282,41.60949219,-87.64667154,1643,Harvey
Hinsdale,IL,,16816,41.80121673,-87.93094278,2467,Hinsdale
Homewood,IL,,19323,41.5591597,-87.66589762,2151,Homewood
Lisle,IL,,22390,41.80070486,-88.07616831,1881,Lisle
Lombard,IL,,43165,41.88480635,-88.01795246,909,Lombard
Maywood,IL,,24090,41.87874088,-87.84263432,1732,Maywood
Melrose Park,IL,,25411,41.90033747,-87.85842717,1635,Melrose Park
Morton Grove,IL,,23270,42.04047356,-87.77637303,1805,Morton Grove
Mount Prospect,IL,,53882,42.06449521,-87.93280842,698,Mount Prospect
Niles,IL,,29803,42.02145197,-87.80528665,1373,Niles
North Chicago,IL,,32574,42.32525513,-87.84030557,1253,North Chicago
Northbrook,IL,,33170,42.12737951,-87.82794596,1224,Northbrook
Oak Forest,IL,,27962,41.60358786,-87.75516153,1479,Oak Forest
Oak Lawn,IL,,56252,41.71926551,-87.74760843,656,Oak Lawn
Palos Hills,IL,,17484,41.70352666,-87.81722844,2392,Palos Hills
Park Forest,IL,,21975,41.48358741,-87.68169046,1912,Park Forest
Park Ridge,IL,,37480,42.01150414,-87.8330958,1057,Park Ridge
South Holland,IL,,22030,41.60050713,-87.60169626,1907,South Holland
Villa Park,IL,,21904,41.88868637,-87.97626139,1917,Villa Park
Waukegan,IL,,89078,42.36200396,-87.83324482,345,Waukegan
Westchester,IL,,16718,41.85176684,-87.88177312,2480,Westchester
Westmont,IL,,24685,41.79507402,-87.97626139,1691,Westmont
Wheeling,IL,,37648,42.13866786,-87.92922617,1051,Wheeling
Wilmette,IL,,27087,42.07651944,-87.70572306,1524,Wilmette
Winchester,NV,,27978,36.13643831,-115.119015,1477,Winchester
Whitney,NV,,38585,36.10121679,-115.0517237,1024,Whitney
Summerlin South,NV,,23881,36.14420156,-115.3363383,1733,Summerlin South
Sun Valley,NV,,19299,39.59558819,-119.780308,2154,Sun Valley
Blue Mountains,,AU,28769,-33.71321249,150.3118968,2871,Blue Mountains
Kiama,,AU,12817,-34.669787,150.8503759,2891,Kiama
Newcastle,,AU,308308,-32.92976189,151.7549276,2866,Newcastle
Hopkins,MN,,17591,44.92538832,-93.41106058,2375,Hopkins
Bellaire,TX,,16855,29.70578398,-95.46788126,2463,Bellaire
Farmers Branch,TX,,28599,32.9239524,-96.88180745,1438,Farmers Branch
Carrollton,TX,,119097,32.97549605,-96.89063669,216,Carrollton
Converse,TX,,18132,29.51802537,-98.31569493,2312,Converse
Mission Bend,TX,,36501,29.69379143,-95.66369832,1089,Mission Bend
Duncanville,TX,,38524,32.65146431,-96.90677286,1027,Duncanville
South Houston,TX,,16983,29.6626439,-95.23753763,2451,South Houston
Rowlett,TX,,56199,32.90653664,-96.56928659,665,Rowlett
Walla Walla,WA,,31731,46.06504603,-118.3388448,1286,Walla Walla
SeaTac,WA,,26909,47.44100854,-122.2946096,1538,SeaTac
Kenmore,WA,,20460,47.75790237,-122.2498286,2034,Kenmore
Inglewood-Finn Hill,WA,,22707,47.72681232,-122.2433055,1856,Inglewood-Finn Hill
Mercer Island,WA,,22699,47.58491879,-122.2346479,1857,Mercer Island
Fairwood,WA,,19102,47.44536705,-122.1537954,2185,Fairwood
Bainbridge Island,WA,,23025,47.62952887,-122.5198293,1830,Bainbridge Island
East Hill-Meridian,WA,,29878,47.41573394,-122.1969569,1368,East Hill-Meridian
Maple Valley,WA,,22684,47.38947552,-122.0458949,1860,Maple Valley
Sammamish,WA,,45780,47.61561092,-122.0352519,862,Sammamish
Wauwatosa,WI,,45940,43.04852361,-88.0081904,849,Wauwatosa
West Allis,WI,,60411,43.01560263,-88.00627948,600,West Allis
Greenfield,WI,,36720,42.96142499,-88.01189244,1081,Greenfield
Cudahy,WI,,18267,42.95928935,-87.86048711,2299,Cudahy
South Milwaukee,WI,,21156,42.90811467,-87.8633082,1980,South Milwaukee
La Crosse,WI,,51320,43.80917132,-91.24518635,749,La Crosse
Middleton,WI,,17442,43.09684222,-89.49786783,2399,Middleton
Superior,WI,,27244,46.72047894,-92.10143329,1514,Superior
Ashwaubenon,WI,,16963,44.48240036,-88.06905568,2452,Ashwaubenon
Oak Creek,WI,,34221,42.8854332,-87.86277057,1170,Oak Creek
De Pere,WI,,23800,44.44643791,-88.0577779,1758,De Pere
Menomonee Falls,WI,,35626,43.17755167,-88.1182027,1126,Menomonee Falls
Onalaska,WI,,17736,43.88349735,-91.23473764,2364,Onalaska
Milwaukie,OR,,20291,45.44555566,-122.6370967,2056,Milwaukie
Oak Grove,OR,,16629,45.41624296,-122.63538,2491,Oak Grove
Aloha,OR,,49241,45.49403095,-122.8671229,780,Aloha
Hayesville,OR,,19936,44.98394116,-122.984196,2090,Hayesville
Keizer,OR,,36478,44.99632435,-123.026768,1091,Keizer
Oregon City,OR,,31859,45.35708686,-122.6037943,1281,Oregon City
Bethany,OR,,20646,45.55512634,-122.8358805,2020,Bethany
Tualatin,OR,,26054,45.38177004,-122.7606928,1596,Tualatin
Wilsonville,OR,,19430,45.30358576,-122.7630961,2129,Wilsonville
Altamont,OR,,19257,42.20660471,-121.7369044,2162,Altamont
Forest Grove,OR,,21083,45.51857329,-123.1108821,1984,Forest Grove
West Linn,OR,,25109,45.3669402,-122.6398732,1656,West Linn
Grants Pass,OR,,34533,42.43907595,-123.3273244,1169,Grants Pass
Bend,OR,,76639,44.05822369,-121.3161397,431,Bend
Central Point,OR,,17169,42.37538954,-122.9158002,2431,Central Point
Lauderdale Lakes,FL,,32593,26.16464276,-80.20323664,1251,Lauderdale Lakes
University,FL,,41163,28.06922652,-82.43427098,961,University
Oak Ridge,FL,,21765,28.47183298,-81.42593205,1859,Oak Ridge
Hallandale Beach,FL,,37113,25.98574335,-80.14825643,1065,Hallandale Beach
Lauderhill,FL,,66887,26.14418399,-80.20309091,514,Lauderhill
Oakland Park,FL,,41363,26.17130215,-80.13442636,954,Oakland Park
Dania Beach,FL,,29639,26.05117538,-80.1440394,1384,Dania Beach
Plantation,FL,,84955,26.12661545,-80.23433328,368,Plantation
Sunrise,FL,,83987,26.1660639,-80.25630594,373,Sunrise
Margate,FL,,53284,26.24392266,-80.20370305,713,Margate
Lealman,FL,,19879,27.81597358,-82.6835233,2098,Lealman
Pine Hills,FL,,60076,28.57766031,-81.47554219,604,Pine Hills
Largo,FL,,77647,27.91600296,-82.79758097,418,Largo
Coconut Creek,FL,,52869,26.24399697,-80.18592478,719,Coconut Creek
South Bradenton,FL,,22178,27.46194895,-82.5755483,1891,South Bradenton
Pinellas Park,FL,,49079,27.84175354,-82.69973398,787,Pinellas Park
Tamarac,FL,,60427,26.20819695,-80.25245488,599,Tamarac
Coral Springs,FL,,121094,26.27047618,-80.26282907,213,Coral Springs
Egypt Lake-Leto,FL,,35282,28.01786575,-82.49555409,1141,Egypt Lake-Leto
North Lauderdale,FL,,41021,26.21712941,-80.22601903,967,North Lauderdale
East Lake-Orient Park,FL,,22753,27.99613084,-82.37303645,1850,East Lake-Orient Park
Winter Park,FL,,27852,28.59323695,-81.35022939,1483,Winter Park
Seminole,FL,,17233,27.83932487,-82.79002786,2425,Seminole
Dunedin,FL,,35321,28.04923055,-82.78034032,1139,Dunedin
Town 'n' Country,FL,,77589,27.99697292,-82.56515146,415,Town 'n' Country
Altamonte Springs,FL,,41496,28.66362413,-81.37382151,951,Altamonte Springs
Deerfield Beach,FL,,74475,26.31787731,-80.09151102,451,Deerfield Beach
Kissimmee,FL,,59645,28.30406793,-81.40212299,611,Kissimmee
Pembroke Pines,FL,,154749,26.00957334,-80.29937031,153,Pembroke Pines
Temple Terrace,FL,,24541,28.032234,-82.39314676,1695,Temple Terrace
Palm River-Clair Mel,FL,,21024,27.94101982,-82.37140566,1987,Palm River-Clair Mel
Palm Harbor,FL,,57387,28.07757917,-82.76599527,643,Palm Harbor
Carrollwood,FL,,33019,28.0518281,-82.50438333,1214,Carrollwood
Casselberry,FL,,26217,28.67785978,-81.32774175,1580,Casselberry
University - Central,FL,,31084,28.60395989,-81.20868326,1307,University - Central
Meadow Woods,FL,,25556,28.36808714,-81.3662684,1623,Meadow Woods
Safety Harbor,FL,,16868,28.01220747,-82.70755589,2462,Safety Harbor
Rockledge,FL,,24926,28.33051905,-80.72322489,1670,Rockledge
Citrus Park,FL,,24247,28.0731986,-82.57158741,1718,Citrus Park
Sanford,FL,,53570,28.80762338,-81.26464487,710,Sanford
Apopka,FL,,41542,28.67172379,-81.5112105,948,Apopka
Buenaventura Lakes,FL,,26079,28.3449508,-81.36344731,1594,Buenaventura Lakes
Lake Magdalene,FL,,28503,28.06909715,-82.45975138,1444,Lake Magdalene
Davie,FL,,91992,26.09332046,-80.25081278,327,Davie
Tarpon Springs,FL,,23252,28.14562987,-82.75678545,1788,Tarpon Springs
Cooper City,FL,,28547,26.05701153,-80.26996434,1441,Cooper City
St. Matthews,KY,,17472,38.24271553,-85.63445688,2394,St. Matthews
Jeffersontown,KY,,26595,38.1933539,-85.56716562,1557,Jeffersontown
Erlanger,KY,,18082,39.01675891,-84.59943593,2325,Erlanger
Florence,KY,,29951,38.9982786,-84.62729694,1362,Florence
University City,MO,,35371,38.66777159,-90.3348887,1137,University City
Webster Groves,MO,,22995,38.59348041,-90.35720468,1831,Webster Groves
Ferguson,MO,,21203,38.74332466,-90.30536295,1975,Ferguson
Lemay,MO,,16644,38.53093041,-90.28579355,2487,Lemay
Florissant,MO,,52158,38.78856465,-90.32390238,729,Florissant
Kirkwood,MO,,27540,38.58247771,-90.40698648,1498,Kirkwood
Mehlville,MO,,28380,38.50568023,-90.32596231,1455,Mehlville
Affton,MO,,20195,38.55402387,-90.31772257,2053,Affton
Creve Coeur,MO,,17833,38.66964798,-90.44097544,2353,Creve Coeur
Spanish Lake,MO,,19650,38.78776182,-90.21541239,2114,Spanish Lake
Hazelwood,MO,,25703,38.78294467,-90.35548807,1613,Hazelwood
Chesterfield,MO,,47484,38.64728625,-90.56346715,834,Chesterfield
Maryland Heights,MO,,27472,38.71359521,-90.43067575,1500,Maryland Heights
Independence,MO,,116822,39.09142389,-94.41954853,225,Independence
Old Jamestown,MO,,19184,38.82640014,-90.30752004,2173,Old Jamestown
Ballwin,MO,,30404,38.59444381,-90.54647267,1339,Ballwin
Manchester,MO,,18094,38.59616374,-90.50963999,2324,Manchester
Raytown,MO,,29526,39.00819836,-94.46334482,1391,Raytown
Drexel Hill,PA,,28043,39.95512491,-75.31976521,1473,Drexel Hill
Chester,PA,,33972,39.84973023,-75.35976232,1187,Chester
Norristown,PA,,34324,40.12111682,-75.34053624,1176,Norristown
Bethlehem,PA,,74982,40.62552553,-75.37160695,452,Bethlehem
King of Prussia,PA,,19936,40.09220831,-75.36910654,2089,King of Prussia
Bethel Park,PA,,32313,40.32765465,-80.03211618,1261,Bethel Park
Easton,PA,,26800,40.68857402,-75.21804453,1545,Easton
McKeesport,PA,,19731,40.34780517,-79.85976816,2108,McKeesport
West Mifflin,PA,,20313,40.36267069,-79.87021686,2052,West Mifflin
Brooklyn Center,MN,,30104,45.07565888,-93.3314097,1354,Brooklyn Center
Columbia Heights,MN,,19496,45.04791407,-93.24876607,2132,Columbia Heights
St. Louis Park,MN,,45250,44.95932786,-93.37089182,870,St. Louis Park
Fridley,MN,,27204,45.0860393,-93.26392414,1516,Fridley
South St. Paul,MN,,20064,44.87618288,-93.03203226,2072,South St. Paul
Hopkins,MN,,17584,44.92538832,-93.41174723,2375,Hopkins
Edina,MN,,47901,44.88931903,-93.3509791,818,Edina
New Brighton,MN,,21456,45.06523279,-93.20094705,1947,New Brighton
Maplewood,MN,,37985,44.99680992,-93.01932931,1041,Maplewood
Golden Valley,MN,,20371,44.99171132,-93.36024881,2041,Golden Valley
Crystal,MN,,22151,45.03216302,-93.36059213,1894,Crystal
Brooklyn Park,MN,,75533,45.09303063,-93.35612894,441,Brooklyn Park
New Hope,MN,,20339,45.03709711,-93.3856547,2045,New Hope
Inver Grove Heights,MN,,33880,44.84892795,-93.04301859,1190,Inver Grove Heights
Anoka,MN,,17142,45.19699477,-93.38702799,2436,Anoka
Burnsville,MN,,60306,44.76684203,-93.27888132,601,Burnsville
Coon Rapids,MN,,61476,45.18098147,-93.31473591,580,Coon Rapids
Eagan,MN,,64206,44.80339321,-93.1669581,550,Eagan
Minnetonka,MN,,49511,44.91951017,-93.47266437,775,Minnetonka
Oakdale,MN,,27378,44.96033758,-92.96111347,1506,Oakdale
Shoreview,MN,,24793,45.07828194,-93.13758136,1662,Shoreview
Cliffside Park,NJ,,23594,40.82158051,-73.98784459,1780,Cliffside Park
Fort Lee,NJ,,35345,40.8503896,-73.97143961,1138,Fort Lee
Palisades Park,NJ,,19622,40.84833545,-73.99814427,2117,Palisades Park
Rutherford,NJ,,18061,40.82597366,-74.10602213,2327,Rutherford
Atlantic City,NJ,,39558,39.36203695,-74.43114878,1000,Atlantic City
Dumont,NJ,,17479,40.94020698,-73.99591268,2393,Dumont
Bergenfield,NJ,,26764,40.9276276,-73.99642766,1546,Bergenfield
Clifton,NJ,,84136,40.85717923,-74.15663959,377,Clifton
Lodi,NJ,,24136,40.87391138,-74.08757985,1728,Lodi
Roselle,NJ,,21085,40.6530106,-74.26164449,1983,Roselle
Garfield,NJ,,30487,40.88105011,-74.11350072,1332,Garfield
Plainfield,NJ,,49808,40.63360289,-74.40807164,773,Plainfield
Perth Amboy,NJ,,50814,40.50896575,-74.27184702,760,Perth Amboy
Kearny,NJ,,40684,40.76922727,-74.14653421,976,Kearny
Linden,NJ,,40404,40.62224473,-74.24575449,980,Linden
Ridgewood,NJ,,24958,40.97881451,-74.11666513,1667,Ridgewood
Elmwood Park,NJ,,19403,40.90375911,-74.11813558,2141,Elmwood Park
Paramus,NJ,,26302,40.94407361,-74.07203318,1572,Paramus
North Plainfield,NJ,,21936,40.62276591,-74.43080545,1913,North Plainfield
Rahway,NJ,,27311,40.60780405,-74.27760899,1508,Rahway
Pleasantville,NJ,,20249,39.39001605,-74.52377141,2060,Pleasantville
Woodbridge,NJ,,19265,40.55761111,-74.28430379,2160,Woodbridge
Old Bridge,NJ,,23753,40.39122609,-74.32918192,1763,Old Bridge
Iselin,NJ,,18695,40.57456359,-74.32344258,2236,Iselin
New Brunswick,NJ,,55181,40.4949566,-74.44728495,686,New Brunswick
Summit,NJ,,21457,40.71625088,-74.36111093,1946,Summit
Morristown,NJ,,18399,40.79663414,-74.4806844,2272,Morristown
Carteret,NJ,,22844,40.57662621,-74.22824503,1842,Carteret
Westfield,NJ,,30316,40.64986139,-74.34840799,1345,Westfield
Avenel,NJ,,17011,40.58199524,-74.28876698,2447,Avenel
Lindenwold,NJ,,17613,39.81985197,-74.98485387,2373,Lindenwold
Hawthorne,NJ,,18791,40.94951929,-74.15511728,2225,Hawthorne
Colonia,NJ,,17795,40.58627386,-74.29862619,2356,Colonia
Long Branch,NJ,,30719,40.3024353,-73.98929239,1319,Long Branch
South Plainfield,NJ,,23238,40.58027684,-74.41295267,1796,South Plainfield
El Cerrito,CA,,23549,37.91598544,-122.3085368,1782,El Cerrito
San Fernando,CA,,23645,34.28173273,-118.4405881,1774,San Fernando
Hawthorne,CA,,84293,33.91608187,-118.3523542,375,Hawthorne
National City,CA,,58582,32.67689857,-117.1027339,625,National City
La Mesa,CA,,57065,32.76747532,-117.0226651,650,La Mesa
San Pablo,CA,,28803,37.9619049,-122.3462278,1413,San Pablo
Rosemead,CA,,53764,34.07991097,-118.072964,707,Rosemead
Temple City,CA,,35558,34.1070886,-118.0612165,1130,Temple City
Lemon Grove,CA,,25320,32.74278881,-117.0305616,1642,Lemon Grove
Milpitas,CA,,66788,37.43147391,-121.8999827,517,Milpitas
Buena Park,CA,,80363,33.86575152,-117.997582,401,Buena Park
South San Jose Hills,CA,,20551,34.00952847,-117.9058629,2026,South San Jose Hills
San Gabriel,CA,,39718,34.10192375,-118.1077367,991,San Gabriel
Imperial Beach,CA,,26324,32.58382321,-117.1122724,1575,Imperial Beach
Covina,CA,,47796,34.09031512,-117.8897268,825,Covina
Montclair,CA,,36664,34.07706733,-117.6891291,1083,Montclair
Oildale,CA,,32684,35.42472318,-119.0225947,1249,Oildale
Stanton,CA,,38186,33.80249259,-117.9939997,1034,Stanton
Cupertino,CA,,58302,37.32232276,-122.0322591,631,Cupertino
Tustin,CA,,75540,33.74136774,-117.8211141,444,Tustin
San Lorenzo,CA,,23452,37.68067113,-122.1270162,1791,San Lorenzo
Walnut,CA,,29171,34.01875163,-117.8649104,1411,Walnut
Fountain Valley,CA,,55313,33.70972392,-117.953831,680,Fountain Valley
Coronado,CA,,18912,32.68724924,-117.1804738,2209,Coronado
Lomita,CA,,20256,33.79196205,-118.3147603,2058,Lomita
Watsonville,CA,,51199,36.90993566,-121.7562276,756,Watsonville
Rosemont,CA,,22681,38.55131799,-121.365183,1862,Rosemont
Highland,CA,,53104,34.12615315,-117.2067607,715,Highland
La Presa,CA,,34071,32.70781456,-117.0035136,1180,La Presa
Live Oak,CA,,17158,36.9827596,-121.9813502,2434,Live Oak
Loma Linda,CA,,23247,34.04794017,-117.2612745,1806,Loma Linda
Glendora,CA,,50073,34.13562707,-117.8659403,769,Glendora
Seal Beach,CA,,24168,33.74217959,-118.1018031,1724,Seal Beach
Dana Point,CA,,33343,33.46691065,-117.6977122,1216,Dana Point
Cypress,CA,,47800,33.8161853,-118.037945,824,Cypress
Artesia,CA,,16522,33.86568618,-118.0818158,2500,Artesia
Placentia,CA,,50533,33.87121926,-117.8686869,762,Placentia
Azusa,CA,,46361,34.1327853,-117.9085124,850,Azusa
North Highlands,CA,,42694,38.6876053,-121.3746989,921,North Highlands
Monrovia,CA,,36590,34.14358352,-118.0029261,1088,Monrovia
Upland,CA,,73732,34.09657003,-117.6487142,461,Upland
Watertown Town,MA,,31915,42.37065453,-71.18255437,1277,Watertown Town
Melrose,MA,,26909,42.45778299,-71.06727243,1535,Melrose
Milton,MA,,27003,42.25079301,-71.06604816,1531,Milton
Holyoke,MA,,39880,42.20248973,-72.6116872,987,Holyoke
Braintree Town,MA,,35744,42.20270432,-71.00478769,1121,Braintree Town
Chicopee,MA,,55298,42.14634199,-72.60756733,681,Chicopee
Dedham,MA,,24729,42.24389139,-71.17267252,1688,Dedham
Randolph,MA,,32112,42.16284851,-71.04152323,1266,Randolph
Saugus,MA,,26626,42.4636085,-71.01405741,1555,Saugus
Marblehead,MA,,19808,42.4991417,-70.85544229,2102,Marblehead
Salem,MA,,41340,42.51854426,-70.89595438,955,Salem
Weymouth Town,MA,,53743,42.21554198,-70.93901874,708,Weymouth Town
Northampton,MA,,28549,42.32224612,-72.63503315,1440,Northampton
Wakefield,MA,,24932,42.50335947,-71.0727656,1669,Wakefield
West Springfield Town,MA,,28391,42.10526288,-72.62061359,1453,West Springfield Town
Stoneham,MA,,21378,42.48040746,-71.10057474,1950,Stoneham
Leominster,MA,,40759,42.52415063,-71.75750019,973,Leominster
Attleboro,MA,,43593,41.94356727,-71.28302814,901,Attleboro
Needham,MA,,28876,42.28005711,-71.23653055,1430,Needham
Newport Beach,CA,,85186,33.61489529,-117.9309774,365,Newport Beach
Colton,CA,,52133,34.07422359,-117.315594,730,Colton
Novato,CA,,51904,38.10780786,-122.572701,735,Novato
Los Altos,CA,,28976,37.37738261,-122.116276,1422,Los Altos
Pleasant Hill,CA,,33149,37.94791784,-122.0604116,1225,Pleasant Hill
Laguna Hills,CA,,30344,33.59130933,-117.6997721,1343,Laguna Hills
Desert Hot Springs,CA,,25938,33.96108549,-116.5016729,1600,Desert Hot Springs
Knoxville,TN,,178874,35.96433048,-83.91889572,132,Knoxville
Moncton,,CA,69074,46.08875455,-64.77985382,2708,Moncton
Milton,,CA,84362,43.51528807,-79.87541199,2826,Milton
Longmont,CO,,86270,40.16608486,-105.102309,359,Longmont
Darien,CT,,20732,41.07559092,-73.47279141,2013,Darien
Walnut Creek,CA,,64173,37.90875912,-122.0625473,551,Walnut Creek
Geelong,,AU,143921,-38.15330191,144.3561865,2903,Geelong
Ballarat,,AU,85935,37.56409463,143.8534605,,
Bendigo,,AU,82794,-36.75855627,144.2787458,2906,Bendigo
Melton,,AU,45624,-37.68320565,144.5834702,2907,Melton
Ocala,FL,,56315,29.18641097,-82.14006142,663,Ocala
Montclair,NJ,,39277,40.82548681,-74.20931763,,
Greenville,SC,,58409,34.84825894,-82.39912243,628,Greenville
Gardena,CA,,58829,33.88820885,-118.309304,621,Gardena
Oxford,OH,,21371,39.5071544,-84.74453758,1957,Oxford
Hamilton,OH,,62477,39.39863854,-84.55840856,569,Hamilton
Middletown,OH,,48694,39.514693,-84.40240547,801,Middletown
Fairfield,OH,,42510,39.34423396,-84.56019528,928,Fairfield
Cedar Rapids,IA,,126326,41.98005201,-91.65825693,201,Cedar Rapids
Akron,OH,,199110,41.07745498,-81.51632016,111,Akron
Burnie - Somerset,,AU,19819,-41.05358208,145.9052437,2974,Burnie - Somerset
Pasadena,CA,,137122,34.14735805,-118.1474487,184,Pasadena
York,PA,,43718,39.96203079,-76.72811556,900,York
Omaha,NE,,408958,41.25268049,-95.94041596,42,Omaha
Sioux City,IA,,82684,42.49575253,-96.40568364,388,Sioux City
Iowa City,IA,,67862,41.65985753,-91.53027558,502,Iowa City
Burlington,IA,,25663,40.80692542,-91.11035079,1615,Burlington
Clinton,IA,,26885,41.84315159,-90.18911706,1541,Clinton
Coralville,IA,,18907,41.68127296,-91.59727707,2210,Coralville
Fort Dodge,IA,,25206,42.50436308,-94.18109484,1648,Fort Dodge
Marshalltown,IA,,27552,42.0482581,-92.91307819,1497,Marshalltown
Mason City,IA,,28079,43.15207431,-93.20158838,1470,Mason City
Waterloo ,IA,,68406,42.49159544,-92.34228397,496,Waterloo
Cedar Falls,IA,,39260,42.53425392,-92.44859541,1010,Cedar Falls
Muscatine,IA,,22886,41.42315528,-91.04558972,1839,Muscatine
Harrisburg,PA,,49528,40.26302821,-76.88689281,779,Harrisburg
Vacaville,CA,,92428,38.35580842,-121.9894861,323,Vacaville
El Monte,CA,,113475,34.06796685,-118.0304393,234,El Monte
Hanford,CA,,53967,36.32649943,-119.6462519,703,Hanford
Simi Valley,CA,,124237,34.26893702,-118.7768888,208,Simi Valley
Aspen,CO,,7359,39.19108998,-106.8175307,,
Poughkeepsie,NY,,32736,41.69915299,-73.927419,1245,Poughkeepsie
Moline,IL,,43483,41.50513339,-90.51489501,903,Moline
Rock Island ,IL,,39018,41.50871054,-90.57401435,1014,Rock Island
Banff,,CA,7584,51.17752991,-115.5709592,2765,Banff
Bridgeport,CT,,144229,41.17712862,-73.19254041,171,Bridgeport
Richland,WA,,48058,46.27900767,-119.2812762,816,Richland
Kennwick,WA,,73917,46.20769183,-119.1206941,459,Kennewick
Pasco,WA,,59781,46.22930874,-119.0935716,608,Pasco
Rocky Mount,NC,,57477,35.9371366,-77.7922843,642,Rocky Mount
Dade City,FL,,7134,28.36461151,-82.19585343,,
New Port Richey,FL,,16256,28.24258894,-82.7196748,,
New Haven,CT,,129779,41.30746879,-72.9314818,193,New Haven
New Britain,CT,,73206,41.66366668,-72.78231945,464,New Britain
San Mateo,CA,,97207,37.5641045,-122.3257106,302,San Mateo
Thousand Oaks,CA,,126683,34.17619933,-118.8555268,199,Thousand Oaks
Vallejo,CA,,115942,38.10342766,-122.2552529,228,Vallejo
Fairfield,CA,,105321,38.24904222,-122.0422619,263,Fairfield
Murrieta,CA,,103466,33.5541878,-117.2105657,272,Murrieta
Daly City,CA,,101123,37.69057375,-122.4682488,280,Daly City
Temecula,CA,,100097,33.4931567,-117.1482125,282,Temecula
South Pasadena,CA,,25619,34.11547882,-118.1509373,1618,South Pasadena
Gatineau,,CA,265349,45.47113402,-75.69907486,2654,Gatineau
Windsor,,CA,210891,42.31491535,-83.03703711,2606,Windsor
Sherbrooke,,CA,154601,45.39964152,-71.89490393,2696,Sherbrooke
Niagara Falls,,CA,82997,43.08873425,-79.09712687,2652,Niagara Falls
St. Catharines,,CA,131400,43.15678458,-79.24301758,2655,St. Catharines
Niagara-on-the-Lake,,CA,15400,43.25374471,-79.08211897,2812,Niagara-on-the-Lake
Welland,,CA,50631,42.98776403,-79.25251915,2666,Welland
Thorold,,CA,17931,43.12296156,-79.2021527,2667,Thorold
Dubuque,IA,,57637,42.50199987,-90.66430794,640,Dubuque
Levis,,CA,138769,46.79505748,-71.17753985,2730,Lévis
St. Albert,,CA,61466,53.6386296,-113.6249029,2599,St. Albert
Dawson Creek,,CA,11583,55.75914007,-120.2277389,2578,Dawson Creek
Campbell River,,CA,31186,50.02755029,-125.248481,2537,Campbell River
Chilliwack,,CA,77936,49.1693451,-121.9526884,2515,Chilliwack
Cranbrook,,CA,19319,49.50988427,-115.7646155,2548,Cranbrook
Fort St. John,,CA,18609,56.24731986,-120.8472535,2573,Fort St. John
Vernon,,CA,38150,50.26329688,-119.2725619,2567,Vernon
Flint,MI,,102434,43.01210981,-83.68853615,276,Flint
Lethbridge,,CA,83517,49.69322261,-112.8301956,2557,Lethbridge
Red Deer,,CA,90564,52.26415295,-113.8163849,2594,Red Deer
Meriden,CT,,60868,41.53716687,-72.80766572,588,Meriden
Waterbury,CT,,110366,41.55496868,-73.04483363,241,Waterbury
Lawrenceville,GA,,28546,33.95589471,-83.98498172,1442,Lawrenceville
Menlo Park,CA,,32026,37.45247203,-122.1817261,1270,Menlo Park
Albany,CA,,18539,37.89035565,-122.2993723,2258,Albany
Englewood,NJ,,27147,40.89355456,-73.97584248,1520,Englewood
University Park,TX,,23068,32.85654955,-96.79602845,1822,University Park
Antioch,CA,,102372,38.0049139,-121.8055781,277,Antioch
Chino Hills,CA,,74799,33.99962432,-117.7339841,454,Chino Hills
Pleasanton,CA,,70285,37.65683833,-121.8764993,484,Pleasanton
Sidney,BC,,11178,48.64969514,-123.3989581,2756,Sidney
Richmond,VA,,204214,37.54034628,-77.43693864,106,Richmond
Boca Raton,FL,,84392,26.34621084,-80.08665534,374,Boca Raton
Addison,TX,,13056,32.96164528,-96.82914637,,
Council Bluffs,IA,,62230,41.26070457,-95.85239263,573,Council Bluffs
Papillon,NE,,18894,41.15347426,-96.04304283,2212,Papillion
Bellevue,NE,,50137,41.15234445,-95.91484098,767,Bellevue
Lewes,DE,,2747,38.77453768,-75.13934712,,
Bear,DE,,19371,39.61841596,-75.69499854,2145,Bear
Middletown,DE,,18871,39.44879462,-75.71631638,2215,Middletown
Carrboro,NC,,19582,35.90988971,-79.07540581,2120,Carrboro
Worthington,OH,,13575,40.08950495,-83.01806534,,
Marysville,WA,,60020,48.05108123,-122.1755133,605,Marysville
Lynnwood,WA,,35836,47.81656121,-122.3188549,1113,Lynnwood
Vaudreuil-Dorion,,CA,33305,45.40372136,-74.0347489,2617,Vaudreuil-Dorion
Erie,PA,,101786,42.12874609,-80.085894,278,Erie
Key West,FL,,24649,24.55593491,-81.79737688,1694,Key West
Napa,CA,,76915,38.29605162,-122.2879658,426,Napa
Lima,OH,,38771,40.74008031,-84.10586225,1019,Lima
Franklin,TN,,62489,35.92138204,-86.87305946,568,Franklin
Valparaiso,IN,,31730,41.47209179,-87.06006748,1287,Valparaiso
Grand Forks,ND,,52838,47.92442294,-97.03383567,721,Grand Forks
Lawndale,CA,,32769,33.88672781,-118.3524623,1244,Lawndale
Madera,CA,,61416,36.96063581,-120.0599674,581,Madera
Clovis,CA,,95631,36.82487673,-119.7022609,309,Clovis
Rocklin,CA,,56974,38.78998868,-121.2355184,651,Rocklin
DeKalb,IL,,43862,41.92836779,-88.75117838,897,DeKalb
Avalon,CA,,3728,33.34272933,-118.3245595,,
Nevada City,CA,,3068,39.26154762,-121.0160641,,
Rimouski,,CA,46860,48.44236677,-68.5272664,2704,Rimouski
Tracy,CA,,82922,37.73956556,-121.4261093,385,Tracy
Williamsburg,VA,,14444,37.27068939,-76.70747319,,
Middlebury,VT,,8496,44.01607089,-73.16677274,,
Prince Frederick,MD,,2538,38.54015624,-76.5844768,,
Cambridge,MD,,12326,38.56316391,-76.07881042,,
Frederick,MD,,65239,39.41452544,-77.41220777,539,Frederick
Texas City,TX,,45099,29.3934344,-94.92931179,874,Texas City
Pendleton,OR,,16612,45.67183386,-118.7887832,2493,Pendleton
Leonardtown,MD,,2930,38.29122853,-76.63579018,,
Columbia,SC,,129272,33.99933082,-81.02235756,196,Columbia
Forest Acres,SC,,10361,34.01874568,-80.98820767,,
West Columbia,SC,,14988,33.99113843,-81.07369504,,
Hagerstown,MD,,39662,39.64084503,-77.71708274,995,Hagerstown
Salisbury,MD,,30343,38.35730672,-75.60101478,1344,Salisbury
Escalon,CA,,7132,37.79698211,-120.9959818,,
Norwich,CT,,40493,41.52376101,-72.07431626,981,Norwich
New London,CT,,27620,41.35385049,-72.10359035,1492,New London
Panama City,FL,,36484,30.15855529,-85.66178547,1090,Panama City
Pensacola,FL,,51923,30.41992556,-87.20842003,733,Pensacola
Peoria,IL,,115007,40.69365897,-89.59099389,231,Peoria
Springfield,IL,,116250,39.80307094,-89.65235531,227,Springfield
Portland,ME,,66194,43.65844745,-70.25407364,523,Portland
South Portland,ME,,25002,43.63581298,-70.24894904,1666,South Portland
Westbrook,ME,,17494,43.67616927,-70.36636542,2390,Westbrook
Santa Barbara,CA,,88410,34.41962876,-119.6982469,348,Santa Barbara
Athens,OH,,23832,39.32927536,-82.10336356,1755,Athens
North Charleston,SC,,97471,32.87526726,-80.01397581,299,North Charleston
Clemson,SC,,13905,34.68352344,-82.8375076,,
South Burlington ,VT,,17904,44.46561931,-73.1713306,2344,South Burlington
Amarillo,TX,,190695,35.19048196,-101.8656431,122,Amarillo
Los Alamos,NM,,12019,35.88146204,-106.3021428,,
Beaver,PA,,4346,40.69536404,-80.3047162,,
Denton,TX,,113383,33.21399725,-97.13412536,235,Denton
Grande Prairie,,CA,55032,55.16980926,-118.7954774,2585,Grande Prairie
Saint John,,CA,70063,45.27169651,-66.05690322,2729,Saint John
Huntington,NY,,18046,40.87107396,-73.42671375,2328,Huntington
Dayton,OH,,141527,39.7549954,-84.19449898,177,Dayton
Laguna Niguel,CA,,62979,33.52232659,-117.7156548,564,Laguna Niguel